id,created_at,retweeted,retweet_count,favorited,in_reply_to_status_id,text
1067445049544376323,2018-11-27 15:48:26,False,283,False,,"RT @UNEnvironment: Nations must raise their #ClimateAction ambition by 
üî¥ 3X to meet the 2¬∞C warming target
üî¥ 5X to meet the 1.5¬∞C warming‚Ä¶"
1067437623566712832,2018-11-27 15:18:56,False,1,False,,"RT @KurtykaMichal: I've already answered @UNFCCC questions and you? If not, do it now üòâ And share your comments, videos and photos with #Ta‚Ä¶"
1067431810026549249,2018-11-27 14:55:50,False,23,False,,Trees are our best friends and‚Ä¶ superheroes! Look how much good trees and plants are doing for us ‚§µ‚Ä¶ https://t.co/XYXqKIzqzl
1067419252246884352,2018-11-27 14:05:56,False,15,False,,Would you be willing to do more to save the planet and fight climate change? #TakeYourSeat #COP24
1067409582346158081,2018-11-27 13:27:30,False,30,False,,"RT @UNFCCC: While governments prepare to finalize the #ParisAgreement implementation guidelines at #COP24, an exciting and innovative Actio‚Ä¶"
1067365015408254977,2018-11-27 10:30:25,False,10,False,,Do you want leaders to step up in the fight against climate change? #TakeYourSeat #COP24
1067363343931985920,2018-11-27 10:23:46,False,40,False,,RT @UNFCCC: #COP24 starts in less than 1 week. Find all relevant information here: https://t.co/hkhmB15qlv #ClimateAction #ParisAgreement h‚Ä¶
1067363321748357120,2018-11-27 10:23:41,False,431,False,,"RT @UNFCCC: The #ParisAgreement gave us a historic plan to act on #ClimateChange and build a better tomorrow for everyone. Now, at #COP24,‚Ä¶"
1067357115105329153,2018-11-27 09:59:01,False,11,False,,"#COP24 Venue: International Congress Centre (PL: MCK)
ICC built in 2015 is a modern, award-winning building. A char‚Ä¶ https://t.co/WgzmZwjTqP"
1067340243861495808,2018-11-27 08:51:59,False,102,False,,"RT @UNFCCC: Tell us how Climate Change has affected you personally. Share your comments, videos and photos with #TakeYourSeat to have your‚Ä¶"
1067340034511114241,2018-11-27 08:51:09,False,115,False,,RT @UNFCCC: Only 5 days until the #COP24! https://t.co/oViKh1LiBU The key objective of the meeting is to adopt the implementation guideline‚Ä¶
1067169172558438410,2018-11-26 21:32:12,False,136,False,,"RT @UNFCCC: To hold the global average temperature rise to as close as possible to 1.5¬∞C, governments are set to finalize the implementatio‚Ä¶"
1067081651170275328,2018-11-26 15:44:25,False,770,False,,"RT @UNFCCC: What would you say if you had a seat at the UN Climate Change Conference? Share your comments, videos and photos with #TakeYour‚Ä¶"
1067081445510971392,2018-11-26 15:43:36,False,185,False,,"RT @UNFCCC: How far are you willing to go to fight Climate Change? Share your comments, videos and photos with #TakeYourSeat to have your s‚Ä¶"
1067069816798875649,2018-11-26 14:57:24,False,24,False,,"As #COP24‚Äôs host, Poland will be entrusted with providing proper conditions and ensuring good atmosphere, favouring‚Ä¶ https://t.co/Q6klqQuhMx"
1066982669140074498,2018-11-26 09:11:06,False,94,False,,"RT @KurtykaMichal: I'm glad to announce that #COP24 will be the first digital COP in the history. Your voice is important, we will be liste‚Ä¶"
1066982650378944513,2018-11-26 09:11:02,False,401,False,,RT @UNFCCC: Reaching climate neutrality by mid-century is still possible but only if public&amp;private sector urgently #stepup #climateaction.‚Ä¶
1066831626313875456,2018-11-25 23:10:55,False,218,False,,RT @UNFCCC: #COP24 kicks off in 1 week! https://t.co/oViKh22U0u Governments are set to finalize the implementation guidelines of the #Paris‚Ä¶
1066830131245735936,2018-11-25 23:04:58,False,23,False,,I note with satisfaction that institutions involved in the organization of #COP24 have faced up to their responsibi‚Ä¶ https://t.co/I8oXtu14gI
1066435676999217153,2018-11-24 20:57:33,False,9,False,,Meeting of the inter-ministerial #COP24 Summit Organisation Team #Katowice @MinSrodowiska https://t.co/3fEdjzWpnk
1066429500756496384,2018-11-24 20:33:00,False,171,False,,"RT @UNFCCC: In 8 days, the 24th Conference of the Parties to the @UN Framework Convention on Climate Change #COP24 will kick off in #Katowi‚Ä¶"
1065988511688470528,2018-11-23 15:20:40,False,25,False,,On the #COP24 in Katowice the outcomes of the #ParisAgreement work programme will be adopted. Follow the official c‚Ä¶ https://t.co/xcI1ivwRSN
1065971507720056832,2018-11-23 14:13:06,False,17,False,,The #TalanoaDialogue is designed to share stories in an open and inclusive environment. It is aimed  to enhance Par‚Ä¶ https://t.co/PjeU6Sc5HO
1065908223419527168,2018-11-23 10:01:38,False,18,False,,"#COP24 Venue: Spodek
Thanks to its shape, the Spodek Arena is one of the most characteristic buildings in Poland. I‚Ä¶ https://t.co/hA1y70IDLR"
1065580430118793216,2018-11-22 12:19:06,False,12,False,,RT @KurtykaMichal: #LastMile  to @COP24: The ‚Äû #COP24 and the Future of Climate Policy: What Role for  the Three Seas Initiative?‚Äù conferen‚Ä¶
1065245494165872640,2018-11-21 14:08:11,False,61,False,,RT @PolandMFA: üé•  We are all responsible for the future of our planet. Watch the video and see how we understand our role at @COP24 ‚Äì globa‚Ä¶
1065193696717611010,2018-11-21 10:42:22,False,15,False,,"RT @KurtykaMichal: üáµüá± and üá¨üáß launch a new initiative for the development of #electromobility ""Driving Change Together Partnership‚Äù ‚¨áÔ∏è https‚Ä¶"
1065177689995255808,2018-11-21 09:38:45,False,95,False,,"#Katowice, the city where #COP24 takes place, is one of the first cities in Poland that has decided to implement th‚Ä¶ https://t.co/uLDmpO065w"
1064436734648303616,2018-11-19 08:34:28,False,20,False,,We invite journalists and photographers to get a press pass for #COP24! Media representatives applying for accredit‚Ä¶ https://t.co/TfG2eUxKGC
1064239339457167361,2018-11-18 19:30:05,False,12,False,,Secretary of State in the Ministry of the Environment of Poland Michal Kurtyka and Minister for Business and Indust‚Ä¶ https://t.co/LTei92jkWU
1064234559884181505,2018-11-18 19:11:06,False,23,False,,RT @KurtykaMichal: The @COP24 Presidency proposes establishing #eMobility as one of the main topics of this year‚Äôs COP and to launch a Part‚Ä¶
1064234538090594304,2018-11-18 19:11:01,False,5,False,,RT @KurtykaMichal: #Electromobility is the technology of tomorrow. We have ambitions for Poland to contribute to the global climate policy.‚Ä¶
1064234513562312704,2018-11-18 19:10:55,False,1,False,,"RT @KurtykaMichal: #OnTheWay to @COP24: Meeting with polish journalists about a new initiative for the development of #electromobility ""Dri‚Ä¶"
1063460101179219977,2018-11-16 15:53:40,False,205,False,,#COP24 in Katowice starts in less than 3 weeks. The representatives of more than 2‚É£0‚É£0‚É£ countries will visit Poland‚Ä¶ https://t.co/aA1Qh3beng
1061760842981609473,2018-11-11 23:21:26,False,11,False,,"Important for media! Today is deadline for booking workspace at #COP24 conference, more https://t.co/q4ByKP7IzQ
App‚Ä¶ https://t.co/BhLSHhlzXL"
1061624170931478534,2018-11-11 14:18:21,False,37,False,,There's only three weeks left until the conference @COP24 in #Katowice https://t.co/ewlQHI2LYd
1061617596292911105,2018-11-11 13:52:13,False,12,False,,RT @KurtykaMichal: On this very special day for üáµüá± - 100 years of regaining independence it is important also to see the singing version of‚Ä¶
1059557921128898561,2018-11-05 21:27:48,False,10,False,,Trwa rejestracja na #COP24. Tylko akredytowani dziennikarze bƒôdƒÖ mieli dostƒôp do miejsca konferencji.  Wnioski mo≈ºn‚Ä¶ https://t.co/OavR4pqw94
1057684918032101376,2018-10-31 17:25:09,False,27,False,,UN Climate Change Executive Secretary Patricia Espinosa @PEespinosaC and the Environment Minister Henryk #Kowalczyk‚Ä¶ https://t.co/hXk8q2ZdCZ
1056779076474757120,2018-10-29 05:25:40,False,0,False,1056556383578021889,@Baiedehann https://t.co/maVDk1bz0U
1056691162227060739,2018-10-28 23:36:20,False,115,False,,This is how the conference #COP24 area looks like today. Temporary structures have already been built. Together wit‚Ä¶ https://t.co/qFtWT4ww9h
1056263527097421825,2018-10-27 19:17:03,False,15,False,,"RT @RafalBochenek: Efekty wielotygodniowych prac Biura ds. organizacyjnych COP24 w @MinSrodowiska widaƒá go≈Çym okiem. ""Mury"" pnƒÖ siƒô do g√≥ry‚Ä¶"
1056263071293992967,2018-10-27 19:15:15,False,28,False,,RT @KurtykaMichal: Summary of the #PreCOP24 last 2 days: https://t.co/myFJL78Ik8
1056263016298278918,2018-10-27 19:15:02,False,8,False,,"RT @KurtykaMichal: On margins of #PreCOP24, I spoke with the Minister @Mbirpinar. https://t.co/XahuqppjW0"
1056262989131759617,2018-10-27 19:14:55,False,1,False,,RT @KurtykaMichal: #OnTheWay to @COP24: Inspiring discussion with Minister @OstapSemerak. https://t.co/cPYUhl825c
1056262969716363264,2018-10-27 19:14:51,False,1,False,,RT @KurtykaMichal: #OnTheWay to @COP24: Next productive meeting with Minister Xie Zhenhua. https://t.co/H1JGMbdENS
1056262953345994753,2018-10-27 19:14:47,False,14,False,,RT @MAC_europa: Sorting out the #Katowice rulebook will make the #ParisAgreement last #EU2018AT #PreCOP24 https://t.co/ksPoreAlXQ
1055060094499590144,2018-10-24 11:35:03,False,686,False,,RT @UNFCCC: #ClimateChange could displace up to 200 million people by 2050 &amp; result in incredible suffering for people throughout the world‚Ä¶
1055042133990825984,2018-10-24 10:23:41,False,7,False,,RT @KurtykaMichal: Summary of the #PreCOP24 business day: https://t.co/MCzIeKix2t
1055042065195778049,2018-10-24 10:23:24,False,84,False,,"RT @UNFCCC: There are USD 26 trillion dollars worth of economic opportunities for the business community in #ClimateAction. 

But we must b‚Ä¶"
1054793283929550849,2018-10-23 17:54:50,False,142,False,,"RT @PEspinosaC: The @IPCC_ch Report on the 1,5¬∞C target of the #ParisAgreement is clear: We are almost out of time &amp; need to act before run‚Ä¶"
1054793253768306688,2018-10-23 17:54:43,False,64,False,,"RT @UNFCCC: A key preparatory meeting at Ministerial level for the key @UN #ClimateChange Conference #COP24 opened today in Krakow, Poland.‚Ä¶"
1054793234671656963,2018-10-23 17:54:38,False,16,False,,RT @PEspinosaC: Grateful for the support of Polish Environment Minister Henryk Kowalczyk for @UN #ClimateChange conference #COP24 in Katowi‚Ä¶
1054793205148016640,2018-10-23 17:54:31,False,62,False,,"RT @PEspinosaC: At #PreCOP24 in Krakow, I asked Ministers and government delegates to take one central message back to their countries: Tha‚Ä¶"
1054393976684449793,2018-10-22 15:28:08,False,8,False,,RT @MinSrodowiska: Minister H. #Kowalczyk i wiceministrowie ≈õrodowiska  @SlawekMazurek i @KurtykaMichal uczestniczƒÖ w #PreCOP24 poprzedzajƒÖ‚Ä¶
1054393876948099073,2018-10-22 15:27:44,False,8,False,,"RT @KurtykaMichal: Northvolt Polska is just born. Ambition to become a leading player in the battery sector in Poland, Europe and beyond...‚Ä¶"
1054309030775152640,2018-10-22 09:50:35,False,2,False,,RT @KurtykaMichal: #BusinessPreCOP24: Complexity  of the problem that we are challenging demand collaboration and  collective effort of bus‚Ä¶
1054309014727733248,2018-10-22 09:50:31,False,7,False,,RT @KurtykaMichal: #BusinessPreCOP24: Revolution  of clean transport can bring absolutely new quality of life not only to  the richest to s‚Ä¶
1054308993978589185,2018-10-22 09:50:26,False,18,False,,"RT @KurtykaMichal: #BusinessPreCOP24: Climate  change cannot be considered as a regional or country issue, it is a  global by definition. I‚Ä¶"
1054308980284162055,2018-10-22 09:50:23,False,4,False,,"RT @KurtykaMichal: It is real privilege to open #BusinessPreCOP24  in #Cracow, my hometown, and host so many distinguished guests ‚Äì  politi‚Ä¶"
1054308962848464896,2018-10-22 09:50:19,False,4,False,,RT @KurtykaMichal: #PreCOP24: I believe that only common effort of different stakeholders let us achieve the climate goals. https://t.co/fs‚Ä¶
1054139183734886400,2018-10-21 22:35:41,False,21,False,,"RT @KurtykaMichal: #PreCOP24: As the incoming @COP24 President, I have many opportunities to talk to various stakeholders of climate policy‚Ä¶"
1053947059982741504,2018-10-21 09:52:15,False,12,False,,"RT @KurtykaMichal: #PreCOP24: On the basis of best available and constantly evolving knowledge we need to take care of the planet, of the h‚Ä¶"
1053946900792205313,2018-10-21 09:51:37,False,22,False,,President #COP24 @KurtykaMichal: #PreCOP24: We must look beyond short-term costs and benefits. In the time of major‚Ä¶ https://t.co/tdWnvCIKGC
1053942851376201729,2018-10-21 09:35:31,False,64,False,,It is very symbolic that we start #PreCOP24 with the meeting with non-party stakeholders. I believe that common act‚Ä¶ https://t.co/eEvRMm7R4U
1052042272668311552,2018-10-16 03:43:18,False,2,False,,RT @SlaskiUW: @RafalBochenek - Pe≈Çnomocnik ministra ≈õrodowiska ds. organizacji #COP24 @MinSrodowiska oraz wojewoda ≈õlƒÖski @J_WieczorekPL wz‚Ä¶
1052041061995085824,2018-10-16 03:38:29,False,3,False,,"RT @BiuroPrasoweKce: ‚ÄºÔ∏è ZMIANA LOKALIZACJI STACJI ‚ÄºÔ∏è
Stacja rowerowa City by bike - Nextbike Polska 5868 ‚Äì ‚ÄûNOSPR #Katowice‚Äùüö≤ zosta≈Ça przen‚Ä¶"
1051356119480918016,2018-10-14 06:16:46,False,3,False,,RT @MinSrodowiska: Minister ≈õrodowiska Henryk #Kowalczyk: Na Polsce jako gospodarzu spoczywa ogromna odpowiedzialno≈õƒá za przejrzyste kierow‚Ä¶
1051356058613108737,2018-10-14 06:16:32,False,2,False,,"RT @MinSrodowiska: Minister H. #Kowalczyk: Polska jest dumna, ≈ºe po raz kolejny bƒôdzie mia≈Ça zaszczyt organizowaƒá szczyt klimatyczny. Uwa≈ºa‚Ä¶"
1051355922298269696,2018-10-14 06:15:59,False,3,False,,RT @MinSrodowiska: Minister ≈õrodowiska H. #Kowalczyk i niemiecka minister ≈õrodowiska @SvenjaSchulze68 biorƒÖ udzia≈Ç w posiedzeniu Polsko-Nie‚Ä¶
1050597220897058817,2018-10-12 04:01:11,False,7,False,,RT @RafalBochenek: Prace przygotowawcze do najwiekszej na ≈õwiecie Konferencji ONZ #COP24 w Katowicach nabra≈Çy rozpƒôdu. Budujemy... #COP24in‚Ä¶
1050128024753135616,2018-10-10 20:56:46,False,6,False,,RT @BiuroPrasoweKce: Seniorzy z #Katowice rozpoczynajƒÖ konferencje @COP24 dla Seniora pod has≈Çem Dobry Klimat dla Katowic üçÉ w otwarciu ucze‚Ä¶
1049878811364511750,2018-10-10 04:26:29,False,10,False,,"RT @SlawekMazurek: #Wa≈ºne posiedzenie Rady #ENVI po≈õwiƒôcone konkluzjom na #COP24 ws. klimatu i #COP14 ws. #bior√≥≈ºnorodno≈õci, oraz regulacjo‚Ä¶"
1049417828611366912,2018-10-08 21:54:42,False,6,False,,RT @MinSrodowiska: Wiceminister @KurtykaMichal spotka≈Ç siƒô dzi≈õ z zagranicznymi dziennikarzami przebywajƒÖcymi w Polsce na zaproszenie @Foru‚Ä¶
1049149421391417344,2018-10-08 04:08:08,False,4,False,,"RT @KurtykaMichal: OgraniczajƒÖc marnotrastwo ≈ºywno≈õci przyczyniamy siƒô do ochrony zasob√≥w Ziemi, mo≈ºemy wspom√≥c najubo≈ºszych. W niedziele ≈ö‚Ä¶"
1047952887027064832,2018-10-04 20:53:32,False,34,False,,"RT @PEspinosaC: With Polish Minister of Environment Henryk Kowalczyk, President-designate of #COP24 @KurtykaMichal and my colleague @OvaisS‚Ä¶"
1047923972569030656,2018-10-04 18:58:39,False,3,False,,RT @MinSrodowiska: ‚ÑπÔ∏èMinister Henryk #Kowalczyk wraz z wiceministrem @KurtykaMichal wziƒôli dzi≈õ w #KPRM udzia≈Ç w spotkaniu z ambasadorami a‚Ä¶
1047841027841843201,2018-10-04 13:29:03,False,3,False,,RT @MinSrodowiska: Wiceminister ≈õrodowiska @KurtykaMichal: Zbli≈ºajƒÖcy siƒô szczyt #klimat.yczny @COP24 okazuje siƒô jednym z najbardziej hist‚Ä¶
1047841007352602624,2018-10-04 13:28:58,False,3,False,,RT @MinSrodowiska: Minister H. #Kowalczyk:¬† Najwa≈ºniejszym zadaniem @COP24 bƒôdzie wypracowanie i przyjƒôcie pakietu decyzji zapewniajƒÖcych p‚Ä¶
1047840983206043648,2018-10-04 13:28:52,False,3,False,,RT @MinSrodowiska: W #KPRM trwa spotkanie z ambasadorami¬†akredytowanymi w Polsce üáµüá± w sprawie @COP24. BiorƒÖ w nim udzia≈Ç https://t.co/bP4FN‚Ä¶
1047840936800280577,2018-10-04 13:28:41,False,10,False,,RT @MinSrodowiska: Delegacja pod przewodnictwem ministra ≈õrodowiska Henryka #Kowalczyk.a spotka≈Ça siƒô z Sekretarz GeneralnƒÖ @UNFCCC @PEspin‚Ä¶
1047840893233971200,2018-10-04 13:28:31,False,4,False,,RT @MinSrodowiska: Minister ≈õrodowiska H. #Kowalczyk: AmbicjƒÖ Polski jako przysz≈Çej Prezydencji @COP24 jest stworzenie odpowiednich warunk√≥‚Ä¶
1047840808941047814,2018-10-04 13:28:11,False,6,False,,RT @MinSrodowiska: W M≈ö trwa spotkanie ministra ≈õrodowiska H. #Kowalczyk z Sekretarz GeneralnƒÖ @UNFCCC @PEspinosaC. Spotkanie dot. przygoto‚Ä¶
1047333245740888065,2018-10-03 03:51:18,False,41,False,,RT @UNFCCC: Did you miss Friday‚Äôs webinar on how #Talanoa4Ambition will play out at #COP24? Find it here &gt;&gt; https://t.co/iHPfP8lTRM and get‚Ä¶
1046043997112856580,2018-09-29 14:28:18,False,123,False,,RT @PEspinosaC: #MakeYourMiles towards a sustainable future and climate-friendly transportation. Thank you @NLatUN for organizing this grea‚Ä¶
1045725207900639232,2018-09-28 17:21:32,False,12,False,,"RT @KurtykaMichal: @COP24 must be a success - said @antonioguterres. @AndrzejDuda, who will host World‚Äôs Leaders in Katowice, called for so‚Ä¶"
1045687663058190336,2018-09-28 14:52:21,False,3,False,,"28 wrze≈õnia br. zostanƒÖ przekazane pierwsze tereny pod budowƒô struktur tymczasowych, w kt√≥rych razem z pomieszczeni‚Ä¶ https://t.co/40XI5Le5SU"
1045353872766763009,2018-09-27 16:45:59,False,13,False,,RT @KurtykaMichal: #OnTheWay to @COP24: Working together among all the countries we can win the race to #ClimateChange. Thanks for taking p‚Ä¶
1045353823546544128,2018-09-27 16:45:47,False,1,False,,Gratulacje dla #Katowice - miasta gospodarza @COP24 https://t.co/yenzCzdZTU
1045353141968031751,2018-09-27 16:43:05,False,2,False,,RT @BiuroPrasoweKce: Himalaista z #Katowice - czyli Jerzy Kukuczka üßó‚Äç‚ôÇÔ∏è W poniedzia≈Çek w Dobrym Klimacie na rynku spotkanie z autorami ksiƒÖ‚Ä¶
1045056562878959617,2018-09-26 21:04:35,False,8,False,,RT @KurtykaMichal: #OnTheWay to @COP24 we must be heading in the same direction. #MakeYourMiles https://t.co/RiHuSifMUZ
1045056519195308040,2018-09-26 21:04:25,False,15,False,,"RT @KurtykaMichal: I am convinced that @COP24 in #Katowice will be our joint success, where we adopt a balanced full package of #ParisAgree‚Ä¶"
1045056447355269120,2018-09-26 21:04:07,False,6,False,,"RT @KurtykaMichal: Infrastructure-Technology-Innovation: this triade, propelled by proper financing may bring effect quickly, but what is e‚Ä¶"
1044793802161033216,2018-09-26 03:40:28,False,5,False,,RT @KurtykaMichal: #OnTheWay to @COP24: Inspiring discussion with UK Parliamentary Under Secretary of State at the Department for Environme‚Ä¶
1044650658773782528,2018-09-25 18:11:40,False,4,False,,RT @KurtykaMichal: #OnTheWay to @COP24: Next productive meeting with @PEspinosaC and @UNFCC team. https://t.co/dP2GflGhlc
1044644441410203648,2018-09-25 17:46:58,False,16,False,,RT @KurtykaMichal: I deeply appreciate opportunity to come to USA and share Polish vision regarding the upcoming @COP24 in #Katowice. I loo‚Ä¶
1044641170880630787,2018-09-25 17:33:58,False,11,False,,RT @PKEE_Brussels: ‚ö°Ô∏èWorth reading‚ö°Ô∏è üáµüá±Polish power sector's contributions to the implementation of the Paris Agreement. @FT  Special Repor‚Ä¶
1044639984408580097,2018-09-25 17:29:15,False,17,False,,"RT @PEspinosaC: In Bonn, Katowice and this week here in New York, intense preparations are on the way ahead of the upcoming @UN #ClimateCha‚Ä¶"
1044599712953905152,2018-09-25 14:49:13,False,2,False,,RT @BiuroPrasoweKce: Od piƒÖtku zostaje wy≈ÇƒÖczony parking w Strefie Kultury #Katowice - trwa akcja informacyjna w≈õr√≥d kierowc√≥w pozostawiajƒÖ‚Ä¶
1044445167451860992,2018-09-25 04:35:07,False,2,False,,"Become a volunteer at COP24, more https://t.co/a1IHwoVyuf https://t.co/bE68hwL4BD"
1043902811803660290,2018-09-23 16:39:59,False,17,False,,"In December,  during the two weeks @COP24 sessions, the most important decisions regarding the functioning of globa‚Ä¶ https://t.co/Bxq5AUgohd"
1043838368524701696,2018-09-23 12:23:55,False,4,False,,Minister‚Äôs Plenipotentiary @RafalBochenek in @TVP3Warszawa: It is at @COP24 that the package implementing the‚Ä¶ https://t.co/mWAnrpcebA
1043646892746399744,2018-09-22 23:43:03,False,8,False,,RT @PLinKualaLumpur: Symbolic planting of 100 treesüå≥ in #Taiping donated by @PLinKualaLumpur is an example of PL responsibility &amp; engagemen‚Ä¶
1043435384158466048,2018-09-22 09:42:36,False,7,False,,"RT @MinSrodowiska: Przypominamy üóìÔ∏è dzi≈õ Europejski #Dzie≈ÑbezSamochodu. Zachƒôcamy do korzystania z üö≤ i üöå . 
#mobilityweek #ETZT https://t.co‚Ä¶"
1043316157116305408,2018-09-22 01:48:50,False,158,False,,RT @UNFCCC: Climate Week New York City (24-30 September) is the next major global event to galvanize #ClimateAction https://t.co/MLa8c6RLOE‚Ä¶
1043094561533374464,2018-09-21 11:08:17,False,4,False,,"RT @MinSrodowiska: ‚ÑπÔ∏èWiceminister @KurtykaMichal wziƒÖ≈Ç udzia≈Ç w ü§ù szczycie #G7 w #Halifax üá®üá¶. G≈Ç√≥wne tematy rozm√≥w to zmiany #klimat.u, red‚Ä¶"
1043020535662182401,2018-09-21 06:14:08,False,5,False,,"RT @KurtykaMichal: Podczas szczytu w #Halifax wraz z ministrami ≈õrodowiska #G7 dyskutowali≈õmy o zmianach klimatu, zr√≥wnowa≈ºonym wzro≈õcie go‚Ä¶"
1042988132763717633,2018-09-21 04:05:23,False,14,False,,RT @KurtykaMichal: The G7 Ministerial meeting was a good opportunity to share my vision and discuss success conditions for the upcoming @CO‚Ä¶
1042757725736919041,2018-09-20 12:49:49,False,3,False,,RT @MinSrodowiska: üì∫üéôÔ∏èMinister H. #Kowalczyk by≈Ç dzi≈õ go≈õciem @KZiemiec w @KwadransPolit. Rozmowa dot. #COP24 i Programu #CzystePowietrze.‚Ä¶
1042757708624142338,2018-09-20 12:49:45,False,6,False,,"RT @KwadransPolit: H. Kowalczyk, minister @MinSrodowiska, u @KZiemiec dzi≈õ w @KwadransPolit o walce ze smogiem w Polsce: https://t.co/KocSt‚Ä¶"
1042757654312050695,2018-09-20 12:49:32,False,8,False,,RT @MinSrodowiska: Minister ≈õrodowiska Henryk #Kowalczyk w @KwadransPolit: Celem #COP24 w #Katowice jest implementacja #PorozumienieParyski‚Ä¶
1042757637270630400,2018-09-20 12:49:28,False,5,False,,RT @MinSrodowiska: Minister ≈õrodowiska Henryk #Kowalczyk w @KwadransPolit: Dotacje i po≈ºyczki w ramach programu #CzystePowietrze bƒôdƒÖ udzie‚Ä¶
1042757613195276288,2018-09-20 12:49:23,False,6,False,,RT @MinSrodowiska: Minister ≈õrodowiska Henryk #Kowalczyk: Od 4 wrze≈õnia trwajƒÖ spotkania szkoleniowe dot. Programu #CzystePowietrze. OdbƒôdƒÖ‚Ä¶
1042757511147864067,2018-09-20 12:48:58,False,3,False,,RT @MinSrodowiska: Minister ≈õrodowiska Henryk #Kowalczyk w @KwadransPolit: Od wczoraj mo≈ºna sk≈Çadaƒá wnioski do #WFO≈öiGW w ramach Programu #‚Ä¶
1042757477270540294,2018-09-20 12:48:50,False,3,False,,"RT @MinSrodowiska: Minister ≈õrodowiska Henryk #Kowalczyk w @KwadransPolit: Zak≈Çadamy, ≈ºe dziƒôki realizacji Programu #CzystePowietrze oko≈Ço‚Ä¶"
1042757030602260480,2018-09-20 12:47:04,False,2,False,,RT @KurtykaMichal: Climate change is a complex problem. It is also that of our entire economic systems entrenched in their ways for better‚Ä¶
1042756983756152832,2018-09-20 12:46:53,False,2,False,,RT @KurtykaMichal: A mother and a father. A farmer and a teacher. A child and a retiree. A worker and a business owner. A human person has‚Ä¶
1042756942358298625,2018-09-20 12:46:43,False,4,False,,RT @KurtykaMichal: #TechnologyIsKey in combating climate change. But technology on its own will not solve the problem. Finance alone neithe‚Ä¶
1042756810531385344,2018-09-20 12:46:11,False,9,False,,"RT @KurtykaMichal: I am encouraged by the spirit shown by Parties in the recent #Bangkok session. Work we have at hand is serious, but much‚Ä¶"
1042756760551993352,2018-09-20 12:45:59,False,16,False,,RT @KurtykaMichal: I am proud today to represent üáµüá± and @COP24 at the G7 Environment and Energy Ministers meeting at #Halifax on the theme‚Ä¶
1042347794999259137,2018-09-19 09:40:54,False,2,False,,Preparations for the #COP24 conference become real @MinSrodowiska https://t.co/xOMJd4zWyA
1042022970506584064,2018-09-18 12:10:10,False,7,False,,The Minister of the Environment Henryk #Kowalczyk visited #Katowice to oversee the coordination of the preparation‚Ä¶ https://t.co/fPfMe5xYXx
1042003313527586817,2018-09-18 10:52:04,False,8,False,,RT @MinSrodowiska: Minister H. #Kowalczyk: Za wybudowanie dodatkowych obiekt√≥w oraz obs≈Çugƒô technicznƒÖ ca≈Çej konferencji @COP24 jest odpowi‚Ä¶
1042003297765388289,2018-09-18 10:52:00,False,5,False,,"RT @MinSrodowiska: Minister H. #Kowalczyk: Ze wzglƒôdu na skalƒô wydarzenia @COP24 konieczne jest wybudowanie struktur tymczasowych, kt√≥re bƒô‚Ä¶"
1042003268589764608,2018-09-18 10:51:53,False,4,False,,RT @MinSrodowiska: Minister H. #Kowalczyk: Wsp√≥≈Çpracujemy z operatorem hotelowym nad zabezpieczeniem miejsc noclegowych dla uczestnik√≥w @CO‚Ä¶
1042003085185482753,2018-09-18 10:51:09,False,5,False,,"RT @MinSrodowiska: Minister H. #Kowalczyk: Do szczytu klimatycznego pozosta≈Çy trzy miesiƒÖce. Przed nami jeszcze wiele pracy, jednak mogƒô za‚Ä¶"
1042003061072453634,2018-09-18 10:51:03,False,7,False,,RT @MinSrodowiska: Minister H. #Kowalczyk podczas konferencji prasowej: Polska jako gospodarz @COP24 w #Katowice jest odpowiedzialna za stw‚Ä¶
1041984497020022785,2018-09-18 09:37:17,False,7,False,,RT @MinSrodowiska: Minister H. #Kowalczyk bierze udzia≈Ç w spotkaniu dot. stanu przygotowa≈Ñ do @COP24 w #Katowice. @PolskaPolicja @umkatowic‚Ä¶
1041749807826710528,2018-09-17 18:04:43,False,4,False,,"Minister‚Äôs Plenipotentiary @RafalBochenek in @tvp_info: #COP24, the largest conference currently under the UN's aus‚Ä¶ https://t.co/0npHcM8eSF"
1041626621332152322,2018-09-17 09:55:13,False,7,False,,"Plenipotentiary of the Minister of the Environment for the Organisation of #COP24 in @tvp_info: Poland, being the h‚Ä¶ https://t.co/kN2DjTICcf"
1041578581569232896,2018-09-17 06:44:20,False,1,False,,Za godzinƒô w @tvp_info https://t.co/0oINyvZOnb
1041547212705157120,2018-09-17 04:39:41,False,3,False,,At 9:45 @RafalBochenek Plenipotentiary of the Minister of the Environment for the Organisation of #COP24 will be a‚Ä¶ https://t.co/PBkrhtlYk2
1041282368651386880,2018-09-16 11:07:17,False,1,False,,Zosta≈Ç otwarty system rezerwacji powierzchni konferencji #COP24. Aby z≈Ço≈ºyƒá wniosek o wynajem pawilonu lub powierzc‚Ä¶ https://t.co/2Bj11ParGa
1041281906493538305,2018-09-16 11:05:27,False,14,False,,The booking system for renting commercial space has been opened. To submit an application for renting pavilion or o‚Ä¶ https://t.co/YoWCm63AXA
1041023811322368001,2018-09-15 17:59:52,False,614,False,,RT @UNFCCC: The Global Climate Action Summit #GCAS2018 ended with a strong call to action and a slew of new commitments. See how the @UN re‚Ä¶
1040672935751680000,2018-09-14 18:45:37,False,4,False,,RT @MinSrodowiska: Wiceminister ≈õrodowiska @KurtykaMichal spotka≈Ç siƒô dzisiaj z komisarzem M. Sevcovicem. Tematami spotkania by≈Ça polityka‚Ä¶
1040333341059440641,2018-09-13 20:16:11,False,4,False,,RT @MinSrodowiska: Trwa spotkanie minstra H. #Kowalczyk.a z bu≈Çgarskim üáßüá¨ ministrem ≈õrodowiska @MinisterDimov. Tematami sƒÖ przygotowania do‚Ä¶
1040310354440605696,2018-09-13 18:44:51,False,17,False,,"RT @COP23: .@Benioff, CEO @salesforce encourages us all to come together in a grand coalition to continue multistakeholder dialogue and tak‚Ä¶"
1040181768421367809,2018-09-13 10:13:53,False,5,False,,RT @MinSrodowiska: Minister ≈õrodowiska H. #Kowalczyk w #Strasburg: Dobra wsp√≥≈Çpraca z Parlamentem Europejskim bƒôdzie jednym z narzƒôdzi wspi‚Ä¶
1039888069573451777,2018-09-12 14:46:50,False,25,False,,"Conference @COP24 is a huge event we have been preparing for several months and we are expecting about 30,000 peopl‚Ä¶ https://t.co/z2gYMZFD20"
1039875008447881216,2018-09-12 13:54:56,False,10,False,,RT @MinSrodowiska: Minister ≈õrodowiska H. #Kowalczyk wraz z wiceministrem @SlawekMazurek spotkajƒÖ siƒô dzi≈õ w Strasburgu z polskimi eurodepu‚Ä¶
1039874944262393857,2018-09-12 13:54:41,False,5,False,,RT @MinSrodowiska: üìªZachƒôcamy do wys≈Çuchania rozmowy z Pe≈Çnomocnikiem Ministra ≈örodowiska ds. Organizacji #COP24 @RafalBochenek w @PR24_pl.‚Ä¶
1039565414001516544,2018-09-11 17:24:43,False,6,False,,Minister‚Äôs Plenipotentiary for the Organisation of COP24 @RafalBochenek signed on behalf of @MinSrodowiska an agree‚Ä¶ https://t.co/JfxtqYEHkx
1038752415351283712,2018-09-09 11:34:09,False,307,False,,RT @UNFCCC: PRESS RELEASE: Countries Inch Forward On #ParisAgreement Implementation As Bangkok #ClimateTalks Close https://t.co/kB5PKD51vl‚Ä¶
1038510298485927936,2018-09-08 19:32:04,False,3,False,,"RT @MinSrodowiska: H. #Kowalczyk: Mam nadziejƒô, ≈ºe dzisiejsze spotkanie bƒôdzie uwzglƒôdnia≈Ço wiele aspekt√≥w pracy le≈õnik√≥w. ≈ªyczƒô owocnych d‚Ä¶"
1038166486672728064,2018-09-07 20:45:53,False,5,False,,"RT @MinSrodowiska: ‚ÑπÔ∏èW ubieg≈Çy wtorek w siedzibie ONZ  üá∫üá≥ w Bangkoku rozpoczƒô≈Ça siƒô Climate Change Conference, z udzia≈Çem @KurtykaMichal i‚Ä¶"
1037698178135547905,2018-09-06 13:44:59,False,8,False,,"On COP24 webside there are details on space rentals at the conference @COP24, more https://t.co/4m52mZ9z8X"
1037440591964106757,2018-09-05 20:41:26,False,0,False,,@RafalBochenek Minister‚Äôs Plenipotentiary for the Organisation of COP24 summarized the most important organization‚Ä¶ https://t.co/psqz9l5rzP
1037262584456650753,2018-09-05 08:54:06,False,21,False,,RT @KurtykaMichal: We need the participation of civil society in #ClimateTalks. We want to interact with you on our way to #Katowice. It is‚Ä¶
1037233105097183232,2018-09-05 06:56:57,False,37,False,,"RT @KurtykaMichal: In December, Poland will host the most important forum devoted to global climate policy @COP24. #OnTheWay to conference‚Ä¶"
1037171590784606213,2018-09-05 02:52:31,False,5,False,,"RT @KurtykaMichal: #OnTheWay to @COP24: Inspiring discussion with H. E. Surasak Kanchanarat, Minister of Natural Resources and Environment‚Ä¶"
1037171571666890752,2018-09-05 02:52:27,False,3,False,,RT @KurtykaMichal: #OnTheWay to @COP24: #ClimateTalks during @UN Climate Change Conference in Bangkok #SB48Bangkok with #ArabStates. https:‚Ä¶
1036940525495037952,2018-09-04 11:34:21,False,4,False,,RT @KurtykaMichal: #OnTheWay to @COP24: #ClimateTalks during @UN Climate Change Conference in Bangkok #SB48Bangkok with #UmbrellaGroup. htt‚Ä¶
1036939606820892672,2018-09-04 11:30:42,False,3,False,,RT @KurtykaMichal: #OnTheWay to @COP24: #ClimateTalks during @UN Climate Change Conference in Bangkok #SB48Bangkok with @AilacCC. https://t‚Ä¶
1036938826466377728,2018-09-04 11:27:36,False,1,False,,RT @KurtykaMichal: #OnTheWay to @COP24: #ClimateTalks during @UN Climate Change Conference in Bangkok #SB48Bangkok with #AfricanGroup. http‚Ä¶
1036938097387294720,2018-09-04 11:24:42,False,1,False,,RT @KurtykaMichal: #OnTheWay to @COP24: #ClimateTalks during @UN Climate Change Conference in Bangkok #SB48Bangkok with LMDC. https://t.co/‚Ä¶
1036918995910385664,2018-09-04 10:08:48,False,6,False,,RT @KurtykaMichal: #OnTheWay to @COP24 every second is precious... @PEspinosaC #SB48Bangkok @UNFCCC https://t.co/zdOvTFvVuC
1036885917116653568,2018-09-04 07:57:21,False,5,False,,RT @KurtykaMichal: #OnTheWay to @COP24: #ClimateTalks during @UN Climate Change Conference in Bangkok #SB48Bangkok with #LDCs https://t.co/‚Ä¶
1036885906114924544,2018-09-04 07:57:19,False,6,False,,RT @KurtykaMichal: #OnTheWay to @COP24: #ClimateTalks during @UN Climate Change Conference in Bangkok #SB48Bangkok with #BASICcountries htt‚Ä¶
1036868086652121088,2018-09-04 06:46:30,False,22,False,,RT @KurtykaMichal: I stand here before you today to ask you to make an important step towards @COP24 by bringing clarity and focus to the t‚Ä¶
1036868073838596096,2018-09-04 06:46:27,False,23,False,,RT @KurtykaMichal: We are holding @UN Climate Change Conference in Bangkok because we are not moving as swiftly as we can. We all want to i‚Ä¶
1036823665445363713,2018-09-04 03:49:59,False,54,False,,"RT @UNFCCC: ‚ÄúClarity and a streamlined negotiation text is my request‚Äù, said @KurtykaMichal to delegates at the opening of the @UN #Climate‚Ä¶"
1035052157999960066,2018-08-30 06:30:39,False,3,False,,"Former COP presidents to support Polish presidency @COP24, @KurtykaMichal @MinSrodowiska, more https://t.co/XAiKPACGVP"
1034336047382126592,2018-08-28 07:05:05,False,6,False,,Z inicjatywy wiceministra ≈õrodowiska i Pe≈Çnomocnika RzƒÖdu ds. Prezydencji @COP24 @KurtykaMichal odby≈Ço siƒô inaugura‚Ä¶ https://t.co/mFfPk4iPPN
1033459331491094528,2018-08-25 21:01:20,False,56,False,,RT @OvaisSarmad: 99 days to go to @COP24 at which #ParisAgreement will get a boost with the Paris Agreement Work Programme (PAWP) to releas‚Ä¶
1033004161741279233,2018-08-24 14:52:39,False,56,False,,"""There are 100 days remaining before the COP24. It will be a very busy period, but we are well-prepared. Organising‚Ä¶ https://t.co/ZxuJqGyQzH"
1032726799506190336,2018-08-23 20:30:30,False,3,False,,Dzisiaj odby≈Ço siƒô kolejne spotkanie miƒôdzyresortowego zespo≈Çu ds. organizacji Konferencji. W spotkaniu wziƒôli udzi‚Ä¶ https://t.co/OO9XCrzCl4
1032573807884754944,2018-08-23 10:22:34,False,4,False,,"RT @BiuroPrasoweKce: Rusza rekrutacja wolontariuszy ≈õwiatowego forum dotyczƒÖcego polityki  klimatycznej @COP24, kt√≥re ju≈º w grudniu odbƒôdzi‚Ä¶"
1032572196722491393,2018-08-23 10:16:10,False,86,False,,RT @UNFCCC: The Global Climate Action Summit #GCAS2018 now has an official community platform to highlight the many environmental innovatio‚Ä¶
1032228430090264577,2018-08-22 11:30:10,False,285,False,,RT @UNFCCC: On 12-14 September the Global Climate Action Summit (#GCAS2018) in San Francisco will take #ClimateAmbition to the next level.‚Ä¶
1032220897929822209,2018-08-22 11:00:14,False,1,False,,"RT @Malopolski_UW: Przed szczytem klimatycznym COP24 https://t.co/F0UTrjoLa0 przez @Malopolski_UW

@piotrekpio
@COP24"
1032220553757773825,2018-08-22 10:58:52,False,8,False,,"RT @Malopolski_UW: W @KrakowAirport trwa spotkanie dotyczƒÖce organizacji forum po≈õwiƒôconego ≈õwiatowej polityce klimatycznej @COP24 , kt√≥re‚Ä¶"
1032168075402137600,2018-08-22 07:30:20,False,10,False,,Zosta≈Ñ wolontariuszem na Szczycie Klimatycznym COP24! Je≈õli interesujesz siƒô zagadnieniami dotyczƒÖcymi zmian klimat‚Ä¶ https://t.co/dzs7VWRbWe
1030388962483945472,2018-08-17 09:40:47,False,36,False,,RT @COP23: The International Partnership for Blue Carbon is bringing attention to the link between the health of coastal ecosystems &amp; #Clim‚Ä¶
1027928190440943619,2018-08-10 14:42:33,False,16,False,,https://t.co/CoI45xWDF5
1027923314663153665,2018-08-10 14:23:10,False,11,False,,Secretary of State @KurtykaMichal w #Katowice: Our task is to ensure a fair and solidary transformation that will h‚Ä¶ https://t.co/oP3Ycl0sEB
1027923109746229248,2018-08-10 14:22:21,False,16,False,,Secretary of State @KurtykaMichal: We are aware that @COP24 is a major challenge in terms of its content. It is in‚Ä¶ https://t.co/l31ac5LBN2
1027864456439754752,2018-08-10 10:29:17,False,4,False,,RT @MinSrodowiska: üì∫üé•Wiceminister ≈õrodowiska @KurtykaMichal by≈Ç go≈õciem programu #RzƒÖdowa≈Åawa w @wnppl. Tematem rozmowy by≈Ç https://t.co/bP‚Ä¶
1027514215567962113,2018-08-09 11:17:33,False,2,False,,"RT @MinSrodowiska: Wiceminister @KurtykaMichal: Mamy ≈õwiadomo≈õƒá, ≈ºe @COP24 to ogromne wyzwanie pod wzglƒôdem merytorycznym. To wla≈õnie w #Ka‚Ä¶"
1027514139072253952,2018-08-09 11:17:15,False,6,False,,RT @MinSrodowiska: W konferencji Spo≈Çeczny PRE_COP24 w #Katowice bierze udzia≈Ç r√≥wnie≈º wiceminister  @SlawekMazurek. https://t.co/y8I9LBZNzc
1027512974565621760,2018-08-09 11:12:38,False,10,False,,Provisions of the preparatory mission -&gt; https://t.co/EOjtVnaZVf #Katowice #COP24 https://t.co/I1nlZRdNQU
1026728741635010561,2018-08-07 07:16:22,False,16,False,,"RT @unfoundation: We‚Äôve seen the climate impacts, but what about the solutions? In the lead up to #GCAS2018, the #EyeOnClimate campaign is‚Ä¶"
1026728694990217216,2018-08-07 07:16:11,False,106,False,,"RT @FAO: Without bees a lot of our food wouldn't exist! üêù

Our pollinators deserve more credit than we give! #SavetheBees https://t.co/G7Au‚Ä¶"
1024261553997131779,2018-07-31 11:52:38,False,14,False,,#COP24 is fast approaching! ‚Üí https://t.co/JKbJDOzPWy @RafalBochenek
1024192408957997057,2018-07-31 07:17:53,False,114,False,,RT @COP23: Country representatives &amp; non-governmental actors gathered for the inclusive #TalanoaDialogue during the @UNFCCC May Sessions.‚Ä¶
1023910069988143104,2018-07-30 12:35:58,False,26,False,,"RT @MinSrodowiska: Ustawy dot. zmian w #gospodarkaodpadami podpisane przez ‚Å¶@prezydentpl ‚ÄºÔ∏è

Najwa≈ºniejsze zmiany:  
‚û°Ô∏èwprowadzenie kaucji‚Ä¶"
1023909846880464896,2018-07-30 12:35:05,False,441,False,,"RT @UNEnvironment: The global movement against single-use plastics is gaining momentum in Africa, with countries taking action to #BeatPlas‚Ä¶"
1023862866200457217,2018-07-30 09:28:24,False,25,False,,"RT @COP23: At @COP24, political leaders have the opportunity to send a strong signal of their commitment to raising #climate ambition.

At‚Ä¶"
1022787282011451393,2018-07-27 10:14:25,False,183,False,,RT @UNFCCC: July has had extreme weather from landslides &amp; flooding in Japan to heatwaves from China to North America. Extreme heat &amp; preci‚Ä¶
1022396387177234432,2018-07-26 08:21:08,False,564,False,,"RT @UN: Climate change is a race we can win. We already have the solutions, but we need governments, businesses &amp; individuals to take urgen‚Ä¶"
1022396262300233729,2018-07-26 08:20:38,False,4,False,,"RT @OvaisSarmad: #Katowice: a city that has dramatically transformed &amp; evolved from a city of coal &amp; steel to a city of culture, modern ser‚Ä¶"
1021691070055436289,2018-07-24 09:38:27,False,16,False,,RT @EUClimateAction: Have you taken part in @UNFCCC youth video üìπ competition yet? Send your 3-minute vlog of #climateaction until 31 Augus‚Ä¶
1021687626242420736,2018-07-24 09:24:46,False,4,False,,RT @MinSrodowiska: üìª Wiceminister ≈õrodowiska @SlawekMazurek by≈Ç dzi≈õ go≈õciem @RadiowaJedynka. Tematem rozmowy by≈Çy https://t.co/bP4FNQB1HV.‚Ä¶
1021408117081485312,2018-07-23 14:54:06,False,7,False,,BƒÖd≈∫ czƒô≈õciƒÖ konferencji @COP24 w #Katowice - zosta≈Ñ naszym partnerem! #cop24 #cop24poland #cop24katowice‚Ä¶ https://t.co/XDaqfgODBe
1021311841182593025,2018-07-23 08:31:32,False,32,False,,RT @WRIClimate: Palm oil sourced from illegally cleared rainforest areas in #Indonesia has reached major consumer brands despite widespread‚Ä¶
1021311727374422016,2018-07-23 08:31:05,False,275,False,,"RT @UNEnvironment: Protecting the environment and fighting #climatechange reduces inequalities, conflict and forced migration caused by nat‚Ä¶"
1020268150313582592,2018-07-20 11:24:17,False,7,False,,"RT @TChruszczow: Climate neutrality without all the forests - tropical, temperate, boreal as well as mangrove - won‚Äôt be possible. Enhanced‚Ä¶"
1018875297603706881,2018-07-16 15:09:35,False,7,False,,RT @MinSrodowiska: Wiceminister @SlawekMazurek na #COFO24: Lasy bƒôdƒÖ stanowi≈Çy r√≥wnie≈º istotnƒÖ czƒô≈õƒá szczytu klimatycznego @COP24. To w≈Ça≈õn‚Ä¶
1018875258844143616,2018-07-16 15:09:26,False,8,False,,RT @MinSrodowiska: Trwa ceremonia otwarcia Komitetu ds. Le≈õnictwa¬†#COFO i Globalnego Tygodnia Le≈õnego w kt√≥rej biorƒÖ udzia≈Ç wicemin.¬†@Slawe‚Ä¶
1018874170984353792,2018-07-16 15:05:06,False,7,False,,Thank you for joining us for #COFO24 high level event to strategize the way forward on promoting  forest-based solu‚Ä¶ https://t.co/SqUd4LwCMy
1018873732595634177,2018-07-16 15:03:22,False,10,False,,"#Poland promotes¬†integrating the protection of #forests with their multiple uses, through sustainable management pr‚Ä¶ https://t.co/aXHIxCrbyu"
1012016061137465344,2018-06-27 16:53:25,False,7,False,,RT @MinSrodowiska: Wiceminister @SlawekMazurek: Na Polsce jako gospodarzu #COP24 spoczywa ogromna odpowiedzialno≈õƒá za przejrzyste kierowani‚Ä¶
1009055918489784320,2018-06-19 12:50:52,False,36,False,,Acting together to find climate solutions for #COP24 and beyond to ensure #justtransition. Thank you‚Ä¶ https://t.co/NNFgKhSULX
1009051625124761601,2018-06-19 12:33:49,False,4,False,,Razem szukamy najlepszych rozwiƒÖza≈Ñ dla klimatu i sprawiedliwej transformacji na @COP24 i kolejne lata. Dziƒôkujemy‚Ä¶ https://t.co/L2JMJIDSlm
1007541384746885121,2018-06-15 08:32:39,False,5,False,,"""Dialog Talaona pokazuje, ≈ºe wszyscy gramy w jednej dru≈ºynie i ≈ºe mo≈ºemy osiƒÖgnƒÖƒá postƒôp bez g≈Ços√≥w krytyki. Chcemy‚Ä¶ https://t.co/v18elBQoN3"
1007326081479737345,2018-06-14 18:17:07,False,43,False,,#TalanoaDialogue shows us that we are on the same boat and that we can progress without criticism. We want this spi‚Ä¶ https://t.co/rQe9oDwiDH
994600933056184325,2018-05-10 15:31:55,False,117,False,,RT @UNFCCC: UNFCCC PRESS RELEASE: Urgency Underlined as Bonn Climate Talks Close https://t.co/meGkEwDK4U #SB48Bonn #Talanoa4ambition #Paris‚Ä¶
994482469524123648,2018-05-10 07:41:11,False,24,False,,RT @UNFCCC: Today is the last day of the @UN #ClimateChange Conference #SB48Bonn https://t.co/7ydd7vSVxi Follow the webcast and learn more‚Ä¶
994301787787194370,2018-05-09 19:43:14,False,38,False,,"RT @UNFCCC: See photo impressions from the second week of the @UN #SB48Bonn Climate Conference in Bonn, Germany on our @Flickr account üì∑ ht‚Ä¶"
994255639869382657,2018-05-09 16:39:51,False,4,False,,President ‚Äìdesignate of #COP24 @KurtykaMichal met with the The Coalition for Rainforest Nations at #SB48Bonn today‚Ä¶ https://t.co/Vj6huQsFG0
994185746406871041,2018-05-09 12:02:07,False,14,False,,RT @BrigitteSCollet: Concluding the #TalanoaDialogue at #SB48 the President of @COP23 reminds us that this conversation is about ambition a‚Ä¶
994174582562213889,2018-05-09 11:17:46,False,22,False,,"RT @COP23: The #TalanoaDialogue is not only about talking and listening, but inspiring #ClimateAction. We expect outcomes from this process‚Ä¶"
994174153367478273,2018-05-09 11:16:03,False,4,False,,President-designate of #COP24 @KurtykaMichal: #TalanoaDialogue is a window on real life. #SB48Bonn #ClimateAction https://t.co/WW0Ufoa94N
994169392748474369,2018-05-09 10:57:08,False,7,False,,President-designate of #COP24 @KurtykaMichal: We heard stories about the challenges of #climatechange and also stor‚Ä¶ https://t.co/MnZX3eNoGH
994168264350732288,2018-05-09 10:52:39,False,60,False,,"President-designate of #COP24 @KurtykaMichal: #TalanoaDialogue has created a space to share stories, build empathy‚Ä¶ https://t.co/Ow1OJAHnSC"
994165098058080256,2018-05-09 10:40:04,False,5,False,,#TalanoaDialogue closing session: https://t.co/p0dmxrCTd2 ‚Ä¶ https://t.co/OO8poQbGTB
994159192188571648,2018-05-09 10:16:36,False,8,False,,President-designate of #COP24 @KurtykaMichal: It is the ambition of the Polish government and my strongest desire t‚Ä¶ https://t.co/M4zKxQ9UHL
994155297974505472,2018-05-09 10:01:08,False,5,False,,President-designate of #COP24 @KurtykaMichal: I will be working with all parties to find consensus that would be ac‚Ä¶ https://t.co/lSKekbALiT
994153930383863808,2018-05-09 09:55:42,False,4,False,,Meeting of the Eastern European Group #EEG with the President-designate of #COP24 @KurtykaMichal at #SB48Bonn. https://t.co/SOSogkqkU5
994114359621242880,2018-05-09 07:18:27,False,101,False,,RT @UNFCCC: How can successful #ClimateChange adaptation in communities and ecosystems be scaled up and replicated? https://t.co/5IwSyHhrxa‚Ä¶
993834204952657920,2018-05-08 12:45:13,False,55,False,,RT @PEspinosaC: Said to observer groups at the @UN Climate Change Conference #SB48Bonn that we had an extraordinary Talanoa Dialogue on Sun‚Ä¶
993833305429692416,2018-05-08 12:41:39,False,1,False,,#COP24 Presidency https://t.co/hHiM1iON6E
993822360217235457,2018-05-08 11:58:09,False,4,False,,"President-designate of #COP24 @KurtykaMichal met with the #ABU Group (Argentina, Brazil and Uruguay) today at‚Ä¶ https://t.co/7cn7En9OOu"
993761603190448128,2018-05-08 07:56:44,False,8,False,,The ninth day of the @UN Climate Conference #SB48Bonn. Meeting of the   President-designate of #COP24‚Ä¶ https://t.co/PF5f5Lzg9d
993753777961349120,2018-05-08 07:25:38,False,4,False,,RT @RafalBochenek: Dzisiejsza konferencja logistyczna w Bonn #COP24 . Przygotowania do szczytu w Katowicach idƒÖ pe≈ÇnƒÖ parƒÖ. Dziƒôkujƒô ca≈Çemu‚Ä¶
993596043790114816,2018-05-07 20:58:51,False,27,False,,Meeting of the President-designate of #COP24 @KurtykaMichal with the President of @COP23 @FijiPM at #SB48Bonn.‚Ä¶ https://t.co/b0JSasuhHx
993573685335347201,2018-05-07 19:30:00,False,6,False,,RT @TChruszczow: Poland looks forward to active role played by all Non Party Stakeholders. We need your support and push for the conclusion‚Ä¶
993543702990778368,2018-05-07 17:30:52,False,9,False,,#COP24 logistics presentation at #SB48Bonn: https://t.co/XBfpkwWMmT. Photos: @UNFCCC #Poland #Katowice https://t.co/ySSuKmXrwR
993503717642162176,2018-05-07 14:51:59,False,3,False,,Meeting of the representatives of the #BASIC countries with the President-designate of #COP24 @KurtykaMichal at‚Ä¶ https://t.co/DjQXitzB8j
993490151560089602,2018-05-07 13:58:04,False,2,False,,Meeting of the representatives of the Independent Association Latin America and the Caribbean #AILAC with the Presi‚Ä¶ https://t.co/lWVMEy7Um6
993472403924836352,2018-05-07 12:47:33,False,5,False,,President-designate of #COP24 @KurtykaMichal met with the representatives of @GCF_News at #SB48Bonn today to discus‚Ä¶ https://t.co/3SWJHeusNn
993451710759751681,2018-05-07 11:25:19,False,4,False,,#COP24 Logistics briefing: https://t.co/zywn8FZKOe https://t.co/tZaeRYLKe3
993425579100786688,2018-05-07 09:41:29,False,5,False,,Today‚Äôs meetings of the President of #COP24 @KurtykaMichal with The Arab Group and the Like-Minded Developing Count‚Ä¶ https://t.co/zc3NIyuHCz
993391494575919104,2018-05-07 07:26:03,False,12,False,,President-designate of #COP24 @KurtykaMichal took part today in the daily #EU coordination at #SB48Bonn. https://t.co/a3JzSMcdJN
993190435953762304,2018-05-06 18:07:07,False,71,False,,"RT @PEspinosaC: Thanks to everyone who participated in Sunday's Talanoa Dialogue in Bonn, where stakeholders shared compelling stories and‚Ä¶"
993088226473775104,2018-05-06 11:20:58,False,71,False,,"RT @UNFCCC: Impressions of the opening of the Sunday #Talanoa4ambition Dialogue, bringing together governments and representatives of all r‚Ä¶"
993009308588740608,2018-05-06 06:07:23,False,71,False,,"RT @UNFCCC: Today, the Talanoa Dialogue will bring together governments and representatives of all relevant stakeholders to share stories &amp;‚Ä¶"
992815118609199104,2018-05-05 17:15:44,False,17,False,,RT @EnvGovMv: SM Majeed as @AOSISChair met with incoming @COP24 president @KurtykaMichal. Both discussed on priorities as countries move to‚Ä¶
992781963147739136,2018-05-05 15:03:59,False,8,False,,Meetings of the President-designate of #COP24 @KurtykaMichal with @LDCChairUNFCCC and @AOSISChair regarding the pre‚Ä¶ https://t.co/kjp7mucPeC
992771843273691136,2018-05-05 14:23:46,False,4,False,,"RT @pwatkinson: Chairs of APA, SBI and SBSTA meeting incoming @COP24 President @KurtykaMichal at #SB48Bonn along with @PEspinosaC @UNFCCC h‚Ä¶"
992736269829591040,2018-05-05 12:02:25,False,5,False,,"RT @AGNChairUNFCCC: #AfricanGroup #ChairMo meeting with the incoming @COP24 President 
@KurtykaMichal to discuss #African expectations for‚Ä¶"
992720247902830592,2018-05-05 10:58:45,False,2,False,,President-designate of #COP24 @KurtykaMichal met today with #EU Heads of Delegation to talk about the expectations‚Ä¶ https://t.co/Ek3NSpxBoB
992668498206871552,2018-05-05 07:33:07,False,184,False,,RT @UNFCCC: The monthly average atmospheric CO2 concentration in the Earth‚Äôs atmosphere breached 410 parts per million in April of this yea‚Ä¶
992475347206787073,2018-05-04 18:45:36,False,2,False,,Busy day of the President-designate of #COP24 @KurtykaMichal. Meeting with the Environmental Integrity Group #EIG a‚Ä¶ https://t.co/HpqI2Irn4n
992466403373527040,2018-05-04 18:10:04,False,1,False,,"Meeting of the President-designate of #COP24 @KurtykaMichal with Ambassador Wael Aboulmagd, Chair, Group of 77 and‚Ä¶ https://t.co/Gov4NxjQje"
992449754247331841,2018-05-04 17:03:54,False,12,False,,RT @WRIClimate: Special Envoy for Climate Change and High Level #champion  @TChruszczow at @iccwbo Talanoa Dialogue: in Katowice @COP24 we‚Ä¶
992434054413930496,2018-05-04 16:01:31,False,1,False,,Today at #SB48Bonn President-designate of #COP24 @KurtykaMichal met with Director-General of @EUClimateAction‚Ä¶ https://t.co/7jKB0cNYCf
992337041106046977,2018-05-04 09:36:01,False,89,False,,RT @UNFCCC: 'Umbrella in a hurricane': @UN climate chief @PEspinosaC says funding for #ClimateAction is far too low https://t.co/Bi2SJZnVFu‚Ä¶
991959168901926912,2018-05-03 08:34:30,False,123,False,,RT @UNFCCC: Read it yet? Our first-ever Annual Report report lays out key 2017 achievements and points to the future of the #ClimateChange‚Ä¶
991957214234628096,2018-05-03 08:26:44,False,4,False,,RT @TChruszczow: The ultimate test will be in Katowice at @COP24. Paris Agreement Work Programme adoption will prove the seriousness of Par‚Ä¶
991684069334364160,2018-05-02 14:21:21,False,10,False,,"President-designate of #COP24 @KurtykaMichal.
More information: https://t.co/srueNEr9Xo https://t.co/tWu5F06tXh"
991662600671891457,2018-05-02 12:56:02,False,5,False,,"#COP24 Special Envoy for Climate Change, Poland‚Äôs High Level Climate Champion @TChruszczow opened today the‚Ä¶ https://t.co/U8aCzOQs3y"
991629672915062784,2018-05-02 10:45:12,False,53,False,,RT @UNFCCC: So what‚Äôs a ‚ÄúTalanoa‚Äù? And how will it help us fight #ClimateChange? ü§∑ https://t.co/wSsAyXAJ2i Join our Facebook Live chats to‚Ä¶
991605407570452480,2018-05-02 09:08:46,False,177,False,,RT @PEspinosaC: Said at @UN Climate Conference #SB48Bonn today that trying to address #ClimateChange with the current financial level is li‚Ä¶
991249232165294081,2018-05-01 09:33:28,False,1,False,,".@TChruszczow, #COP24 Special Envoy for Climate Change, High Level Climate Champion about #TalanoaDialogue, climate‚Ä¶ https://t.co/bLHYctsTZm"
991044901994487808,2018-04-30 20:01:32,False,7,False,,"If you are looking for information about #COP24, city #Katowice, please visit our Bonn #COP24 stand. https://t.co/X16eQregsh"
991012343629975556,2018-04-30 17:52:09,False,54,False,,"RT @UNFCCC: See photo highlights from the first day of the @UN #SB48Bonn Climate Change
Conference #Talanoa4ambition on our @Flickr account‚Ä¶"
990921886203867136,2018-04-30 11:52:42,False,46,False,,"RT @UNFCCC: ""I appeal for maximum progress on work at these sessions. The #COP24 President if fully focused on achieving the work programme‚Ä¶"
990864364684087296,2018-04-30 08:04:08,False,31,False,,"RT @UNFCCC: Tune into the live webcast of the Opening Plenaries of the @UN Climate Conference #SB48Bonn in Bonn, Germany (30 April to 10 Ma‚Ä¶"
990857775604486145,2018-04-30 07:37:57,False,423,False,,"RT @UNFCCC: From today, governments are  meeting in Bonn to step up #ClimateAction critical to the implementation of the #ParisAgreement ht‚Ä¶"
990628828358770688,2018-04-29 16:28:12,False,0,False,,".@TChruszczow , #COP24 Special Envoy for Climate Change, High Level Climate Champion, during #ACEYouthForum2018 in‚Ä¶ https://t.co/g2006A7opk"
990606750813483010,2018-04-29 15:00:28,False,17,False,,"Meeting of @PEspinosaC with @KurtykaMichal, President-Designate #COP24 in #Bonn. 
Photo: @UNFCCC https://t.co/oZhNEZhnd4"
990505262208479232,2018-04-29 08:17:11,False,12,False,,Polish Prime Minister @MorawieckiM nominated @KurtykaMichal for the new candidate for President of #COP24 Summit in‚Ä¶ https://t.co/aUQ0UT1LOH
990256145557270529,2018-04-28 15:47:17,False,241,False,,RT @UNFCCC: Governments meet in Bonn to step Up #ClimateAction Critical to the implementation of the #ParisAgreement https://t.co/zfHq5Pl3G‚Ä¶
989851096503013376,2018-04-27 12:57:46,False,210,False,,RT @UNFCCC: ‚ÄúWe no longer have the luxury of time.‚Äù https://t.co/1aUMdOq9HW  @UN Climate Chief @PEspinosaC describes the escalating #climat‚Ä¶
988374192465809410,2018-04-23 11:09:05,False,2,False,,#COP24 #ClimateAction https://t.co/c2AmEBpAb6
988364403358695424,2018-04-23 10:30:11,False,3,False,,"Katowice Forest Park has grown by 16 000 trees üå≥üå≤ The campaign organised by City @BiuroPrasoweKce and others, with‚Ä¶ https://t.co/04KY6QTebF"
986907583209443328,2018-04-19 10:01:18,False,7,False,,"City @BiuroPrasoweKce is preparing for the #COP24 Climate Summit. On this occasion, an interactive, ecological wall‚Ä¶ https://t.co/YXo8cvweMW"
984418169149448194,2018-04-12 13:09:15,False,8,False,,Minister Henryk #Kowalczyk: The most important objective of the Polish #COP24 Presidency is to adopt a full impleme‚Ä¶ https://t.co/RkIzRNl9KG
984416697930182658,2018-04-12 13:03:25,False,2,False,,Polish Minister of the Environment Henryk #Kowalczyk attended a meeting with Singapore‚Äôsüá∏üá¨ Minister for the Environ‚Ä¶ https://t.co/PuTxD6xde5
984350240554840064,2018-04-12 08:39:20,False,4,False,,Henryk #Kowalczyk during #ENVI EU Informal Council: Poland will take all necessary measures to establish implementa‚Ä¶ https://t.co/lXZLF5N284
984349164824875009,2018-04-12 08:35:03,False,2,False,,Polish Minister of the Environment Henryk #Kowalczyk took part in #ENVI EU Informal Council in #Sofia üáßüá¨¬†concerning‚Ä¶ https://t.co/y9VWdix7XY
982197934514032640,2018-04-06 10:06:50,False,77,False,,"RT @UNFCCC: We're gearing up for the next major @UN Climate Change Conference, @COP24 in Katowice, Poland, at the end of this year. See wha‚Ä¶"
979645482233401344,2018-03-30 09:04:18,False,14,False,,Minister Henryk #Kowalczyk:  The #COP24 Summit is going to be an extremely important event for the international cl‚Ä¶ https://t.co/AAyvLEZ9mI
975976999352176640,2018-03-20 06:07:04,False,504,False,,"RT @UNFCCC: #Forests are the lungs of the earth, taking in carbon and releasing oxygen into the air https://t.co/tp2vSNwqZ8 Wednesday 21 Ma‚Ä¶"
974262628926263296,2018-03-15 12:34:46,False,1,False,,Today Vice-Minister of Environment @SlawekMazurek met with ambassadors #Singaporeüá∏üá¨  Loo Choon Yong and #Brunei üáßüá≥‚Ä¶ https://t.co/5oUCDoM9mt
973925014763393025,2018-03-14 14:13:12,False,3,False,,Poland's preparations for the UN #COP24 Summit were the main subject of today‚Äôs meeting of Polish Minister of the E‚Ä¶ https://t.co/xQG4svgTCm
973209067102535680,2018-03-12 14:48:17,False,172,False,,"RT @UNFCCC: 30 years ago this week, @IPCC_CH began to wake up the scientists, politicians &amp; citizens of the world to the urgent issue of #c‚Ä¶"
972086021704863745,2018-03-09 12:25:42,False,2,False,,#ClimateChange https://t.co/DUi1XJURgN
971659725128552448,2018-03-08 08:11:45,False,46,False,,RT @COP23: #Women4Climate on International Women's Day #IWD2018 @c40cities Highlighting the critical role of women in acting on #ClimateCha‚Ä¶
971303946978459648,2018-03-07 08:38:01,False,42,False,,RT @COP23: #ClimateChange is the greatest challenge humanity has ever faced. And we owe it to ourselves and to future generations to act wi‚Ä¶
970678814383726592,2018-03-05 15:13:58,False,4,False,,"Henryk #Kowalczyk, Minister of the Environment of Poland, about #COP24 during the #ENVI Council. https://t.co/ncyTwmtO4t"
970580609016967168,2018-03-05 08:43:44,False,0,False,,#ActionForClimate #ClimateChange https://t.co/0gGorlepeg
969568888483610625,2018-03-02 13:43:31,False,56,False,,"RT @COP23: #Fiji National Climate Change Speech Competition winner Timoci shares his experience with the effects of #ClimateChange. ""If we‚Ä¶"
969487375150780416,2018-03-02 08:19:37,False,3,False,,"RT @TChruszczow: Dear Luke, am looking forward to working with you. Congratulations. Amb. @nazhatskhan has raised the bar very high. It is‚Ä¶"
969123461535883266,2018-03-01 08:13:33,False,5,False,,An official accommodation booking engine for #COP24 participants recommended by @MinSrodowiska is available. It off‚Ä¶ https://t.co/JBo72hlHtY
969108091915702272,2018-03-01 07:12:28,False,14,False,,RT @COP23: Read letter by Climate Champions @SeruiratuCOP23 and @TChruszczow to non-Party stakeholders inviting participation in the Talano‚Ä¶
968845879548502017,2018-02-28 13:50:32,False,9,False,,"Henryk #Kowalczyk, Ministry of the Environment: #COP24 is of crucial importance for Poland. I am convinced that we‚Ä¶ https://t.co/CGjJWRvMsT"
968017041960685568,2018-02-26 06:57:02,False,120,False,,RT @UNFCCC: Mayors from around the world are at the forefront of #ClimateAction working towards achieving the #ParisAgreement‚Äôs goals. Mexi‚Ä¶
967023217822109696,2018-02-23 13:07:56,False,65,False,,"RT @UNFCCC: Tell us how you are taking #ClimateAction and win a @Momentum_UNFCCC Award https://t.co/qZ5BXzVLhv 
Apply now: https://t.co/eqp‚Ä¶"
957927773565280256,2018-01-29 10:45:53,False,131,False,,"RT @UNFCCC: .@UN has opened Talanoa Dialogue portal, aiming for higher #climate ambition https://t.co/s2Xu3Ddrxr #Talanoa4Ambition is an in‚Ä¶"
956511004174815232,2018-01-25 12:56:09,False,101,False,,RT @PEspinosaC: Said at World Economic Forum event that we need all the rules and procedures in place to make the #ParisAgreement on #Clima‚Ä¶
952798834664583168,2018-01-15 07:05:18,False,232,False,,"RT @UNFCCC: #Climatechange affects everyone, but it impacts the local communities and indigenous peoples the hardest. Our 2018 adaptation c‚Ä¶"
952798782319677441,2018-01-15 07:05:06,False,399,False,,RT @UNFCCC: See no big difference between the upper (2¬∞C) and lower (1.5¬∞C) #ParisAgreement global average temperature limit goals? https:/‚Ä¶
952798601066971136,2018-01-15 07:04:23,False,111,False,,"RT @PEspinosaC: Over 25% of world‚Äôs land will dry up if #ParisAgreement goals are missed, new study finds https://t.co/YQM4wpSBvL Stronger‚Ä¶"
950310406274387968,2018-01-08 10:17:11,False,23,False,,"RT @COP23: Throughout the year, countries will follow in the Fijian tradition of Talanoa ‚Äì the sharing of ideas, skills &amp; experience throug‚Ä¶"
946405181264154624,2017-12-28 15:39:13,False,34,False,,"RT @COP23: #COP23 was, without a doubt, a People's COP. The Presidency is aiming to deliver concrete results in the area of #HumanRights in‚Ä¶"
944136183147266048,2017-12-22 09:23:01,False,8,False,,RT @nazhatskhan: The importance of making the Paris Agreement operational @COP24  and the importance of partnerships for effective climate‚Ä¶
943194650545917953,2017-12-19 19:01:43,False,663,False,,RT @UNFCCC: 2017 on course to be one of the three warmest years on record and is expected to be the hottest year without a warming El Ni√±o‚Ä¶
941431272194396160,2017-12-14 22:14:40,False,23,False,,RT @PEspinosaC: Good news for #COP24 host Poland! @COP24 https://t.co/I6pLc2RC2X
941285897458409473,2017-12-14 12:37:00,False,10,False,,"Pawe≈Ç #Sa≈Çek, Vice-Minister of Environment and Government Plenipotentiary for Climate Policy, led the Polish govern‚Ä¶ https://t.co/g48sgpkWrC"
941026995533643776,2017-12-13 19:28:13,False,163,False,,"RT @PEspinosaC: Great outcome of #OnePlanet Summit: From @UN system to governments &amp; investors, billions of dollars have been mobilized &amp; t‚Ä¶"
941026645653192709,2017-12-13 19:26:50,False,179,False,,"RT @UNFCCC: The #GlobalCovenantofMayors unites 7,400+ cities around the world in the fight against #climatechange. Co-chair of @Mayors4Clim‚Ä¶"
940835004195753993,2017-12-13 06:45:19,False,211,False,,RT @UNFCCC: There is no plan B because there is no planet B https://t.co/PouwvNuKtd World leaders gathered in Paris today for the #OnePlane‚Ä¶
940531018091638784,2017-12-12 10:37:23,False,1048,False,,"RT @UNFCCC: Progress is unstoppable, but it needs to accelerate https://t.co/PouwvNuKtd #OnePlanet Summit starts in Paris with a powerful v‚Ä¶"
940530986584018946,2017-12-12 10:37:16,False,223,False,,RT @COP23: 12 December marks the second anniversary of the signing of the #ParisAgreement. This year global leaders will reaffirm their #Cl‚Ä¶
939119382139195393,2017-12-08 13:08:03,False,87,False,,"RT @unescoNOW: ""#ClimateChange is a reality. The question is how quickly we respond as a collective""- @Nick_Nuttall Director of Communicati‚Ä¶"
938688591986876417,2017-12-07 08:36:14,False,231,False,,RT @UNFCCC: Not every extreme weather event can be blamed on #climatechange. However: Rising atmospheric CO2 concentrations ‚û°Ô∏è Rising globa‚Ä¶
936086728347136000,2017-11-30 04:17:22,False,85,False,,"RT @ICLEI: ‚ÄúCities and regions have a megaphone that is louder than ever before. Now is the time to use it."" Read our take on #COP23 in @Bu‚Ä¶"
935886388746211328,2017-11-29 15:01:17,False,12,False,,"RT @manupulgarvidal: Next @COP24 in Katowice, Poland  will be crucial to test the strength of the Paris Agreement, the leadership of key ac‚Ä¶"
935067785096564736,2017-11-27 08:48:27,False,99,False,,"RT @PEspinosaC: Join me for a a discussion on key outcomes of @UN #climate conference #COP23, organized by @UNSSC &amp; @UNFCCC https://t.co/AB‚Ä¶"
933697597969195008,2017-11-23 14:03:49,False,18,False,,RT @Connect4Climate: #DYK that #COP24 will be held in #Katowice #Poland? It will be the 4th time that Poland has presided over a @UN #clima‚Ä¶
933604879041486849,2017-11-23 07:55:23,False,45,False,,"RT @UNFCCC: Already need to plan for @UN #climate conference #COP24? https://t.co/h9OJP5tlKO The dates are set: 3 - 14 December 2018, in Ka‚Ä¶"
931690716434259968,2017-11-18 01:09:11,False,18,False,,RT @CCNUCC: La #Pologne qui pr√©sidera la @COP24 √† #Katowice du 3 au 14/12/2018 annonce que Tomasz Chruszczow @TChruszczow Pdt du SBI sera l‚Ä¶
931683795107016704,2017-11-18 00:41:41,False,4,False,,Prof. #Szyszko: I would like to congratulate the government of @FijiRepublic as the #COP23 Presidency on these succ‚Ä¶ https://t.co/NPOr5IUZqQ
931683593688109056,2017-11-18 00:40:53,False,2,False,,Prof. #Szyszko: The atmosphere of the city will enhance the dialogue between different group of countries and will‚Ä¶ https://t.co/N0IDvUuPHV
931683395977011203,2017-11-18 00:40:06,False,0,False,,"Prof. #Szyszko: This is an ideal place for taking together key climate decisions on the future of the world, and fo‚Ä¶ https://t.co/XORW6mYdyC"
931683071312781312,2017-11-18 00:38:48,False,1,False,,Prof. #Szyszko: The City of #Katowice has a special play in the history and in the map of Poland. This is a good ex‚Ä¶ https://t.co/zfqGonvKMe
931682851845804033,2017-11-18 00:37:56,False,0,False,,"Prof. Jan #Szyszko: I believe that this commitment and dynamics we will continue throughout next year, and I hope t‚Ä¶ https://t.co/YU3nrqjOZH"
931682710925594624,2017-11-18 00:37:22,False,0,False,,"Prof. #Szyszko: I am happy with it, because it means that the success of #COP24 in #Katowice is very close."
931682331299074048,2017-11-18 00:35:52,False,0,False,,Closing statement of prof. Jan #Szyszko: We made an important step forward. #COP23
931668135433957376,2017-11-17 23:39:27,False,97,False,,RT @UNFCCC: It's a late night at @UN climate conference #COP23 in Bonn as closing plenaries continue into the early hours of 18 November. L‚Ä¶
931509104643801089,2017-11-17 13:07:31,False,4,False,,‚ÄúWe would like to learn the expectations of Japan towards #COP24 in #Katowice and Polish presidency‚Äù ‚Äì said prof. J‚Ä¶ https://t.co/VEPKTXLZZ3
931504944166985729,2017-11-17 12:50:59,False,0,False,,Meeting of prof. Jan #Szyszko with the British minister of state for climate change and industry Claire Perry.‚Ä¶ https://t.co/7bVWuxiYmE
931488059828461568,2017-11-17 11:43:54,False,2,False,,"Minister of the Environment prof. Jan #Szyszko had a meeting with John M. Silk, Minister of Foreign Affairs of the‚Ä¶ https://t.co/2mZjQlzwAm"
931468494536921088,2017-11-17 10:26:09,False,2,False,,The climate change talks at #COP23 in #Bonn. The Minister of the Environment prof. Jan #Szyszko met with Xie Zhenhu‚Ä¶ https://t.co/IUMX5BtWXp
931209455798226944,2017-11-16 17:16:49,False,5,False,,"Prof. #Szyszko: We welcome all the voices confirming our will to act jointly to achieve the goals, and our determin‚Ä¶ https://t.co/OHUKYVyfjj"
931208865370263552,2017-11-16 17:14:29,False,1,False,,"Prof. #Szyszko: We will spare no effort to support the Facilitative Dialogue  ‚Äì the #TalanoaDialogue, the name whic‚Ä¶ https://t.co/pDXBjwcLVy"
931208790095138816,2017-11-16 17:14:11,False,1,False,,Prof. #Szyszko: Poland is determined that we all make the most of this unique chance. This is our main goal for‚Ä¶ https://t.co/0kdsIt9L2D
931208685619236864,2017-11-16 17:13:46,False,1,False,,"Prof. #Szyszko: All this mutual goals and values have great potential to lead us to development, neutral to climate‚Ä¶ https://t.co/BmrSzcqEgG"
931208626034929664,2017-11-16 17:13:32,False,1,False,,"Prof. #Szyszko: The most important objectives and values of Paris Agreement are common responsibility, based on vol‚Ä¶ https://t.co/ylsMgsjLMS"
931208415279484932,2017-11-16 17:12:41,False,1,False,,Prof. #Szyszko: It is our duty and obligation to reduce the CO2 concentration in the atmosphere as quickly as possi‚Ä¶ https://t.co/2aV89WLmpN
931208361642790913,2017-11-16 17:12:29,False,1,False,,Prof. #Szyszko: Harmful effects of the growth of CO2 concentration in the atmosphere result in the gravest world ch‚Ä¶ https://t.co/YmQRjnDH2H
931208223117455361,2017-11-16 17:11:56,False,1,False,,"Prof. #Szyszko: To fully achieve the objectives of Paris Agreement, we need to address two crucial aspects:  reduct‚Ä¶ https://t.co/3iY6nSEiVD"
931208146399440896,2017-11-16 17:11:37,False,1,False,,"Prof. #Szyszko: Our joint, cooperative action and solidarity is the only way towards low emission and climate resil‚Ä¶ https://t.co/DDHeDAjpjH"
931208067584229376,2017-11-16 17:11:18,False,1,False,,Prof. #Szyszko: Climate change is one of the most grave global challenges that the international community is facin‚Ä¶ https://t.co/yjRs3arneB
931207900768473088,2017-11-16 17:10:39,False,2,False,,Minister prof. Jan Szyszko‚Äôs statement for the High Level Segment at #COP23: I would like to congratulate the gover‚Ä¶ https://t.co/zHuBxW6SkZ
931178182769827841,2017-11-16 15:12:33,False,0,False,,Polish-American climate talks at #COP23 in #Bonn. https://t.co/l8tsMACrKV
931167977046671360,2017-11-16 14:32:00,False,1,False,,Prof. Szyszko: Polish agricultural soils have not deteriorated and  thanks to their biodiversity they have a high b‚Ä¶ https://t.co/qJm8VPUdoA
931167596833050626,2017-11-16 14:30:29,False,1,False,,Prof. #Szyszko: I am convinced that Paris Agreement‚Äôs objective of achieving climate neutrality cannot be met witho‚Ä¶ https://t.co/fGyfB2aMId
931167498921226240,2017-11-16 14:30:06,False,3,False,,"Prof. #Szyszko: Forestry, agriculture and ecosystem services are good examples of sustainable management practices‚Ä¶ https://t.co/VGYPXQq7c6"
931167404834590721,2017-11-16 14:29:44,False,1,False,,Prof. Jan #Szyszko took part in the High Level Panel Discussion ‚ÄúHow can agroecology help countries achieve their c‚Ä¶ https://t.co/XDgrNKHpU0
931124914521812992,2017-11-16 11:40:53,False,1,False,,Meeting of the Eastern European Group (EEG) with the Minister of the Environment prof. Jan #Szyszko. #COP23 https://t.co/u9KfZASK7Q
931095726817497088,2017-11-16 09:44:54,False,1,False,,"At #COP23 prof. Jan #Szyszko and Judith G. Garber, from Bureau of Oceans and International Environmental and Scient‚Ä¶ https://t.co/CSEulMRR5E"
931087172739977216,2017-11-16 09:10:55,False,1,False,,"Prof. Jan #Szyszko and Masagos Zulkifli bin Masagos Mohamad, Singapore's Minister for the Environment and Water Res‚Ä¶ https://t.co/faRUtUmFBf"
931078700032057344,2017-11-16 08:37:15,False,0,False,,"Prof. Jan #Szyszko: Effective management of natural resources, universal access to water, halting biodiversity loss‚Ä¶ https://t.co/llyFtBrwRt"
931078652225310720,2017-11-16 08:37:03,False,0,False,,Prof. Jan #Szyszko: A great achievement for sustainable development is the recognition of the importance of the env‚Ä¶ https://t.co/wLys6NrgPo
931078580838289408,2017-11-16 08:36:46,False,0,False,,"‚ÄúOne Action, Five Outcomes: Aligning National Actions to Amplify Achievement of Global Goals‚Äù meeting with a partic‚Ä¶ https://t.co/Af6fAJG1Kb"
930866298023792642,2017-11-15 18:33:14,False,0,False,930849219241488384,@jerich85 @umkatowice @BiuroPrasoweKce In the Bula Zone 1
930857404492910592,2017-11-15 17:57:54,False,0,False,,The opening ceremony of the high-level segment #COP23. https://t.co/MWWGRnZgdP
930826010056122368,2017-11-15 15:53:09,False,86,False,,RT @COP23: We must act before it's too late calls @EmmanuelMacron at #COP23 High-Level Opening Segment https://t.co/MchizEbw4U
930813992028856323,2017-11-15 15:05:24,False,589,False,,"RT @UNFCCC: German Chancellor Angela Merkel at opening of #COP23 high level segment : ""We have come here today because we are facing the de‚Ä¶"
930813770741485569,2017-11-15 15:04:31,False,1,False,,"Prof. Jan #Szyszko, Minister of the Environment of the Republic of Poland is taking part in the opening ceremony of‚Ä¶ https://t.co/ZkXagMJ6jf"
930775964463837185,2017-11-15 12:34:17,False,2,False,,Interview of prof. Jan #Szyszko with @urmigoswami for @EconomicTimes during #COP23 in #Bonn. https://t.co/Cz6BM9mGvd
930771492849225728,2017-11-15 12:16:31,False,1,False,,"Prof. Jan #Szyszko about #COP23 in #Bonn and incoming #COP24 in Katowice for @TV_Trwam, @PAPinformacje and @iar_pr. https://t.co/JrCYV8s9yg"
930764806151376896,2017-11-15 11:49:57,False,0,False,,Prof. Jan #Szyszko for @tvp_info about negotiations during #COP23 in #Bonn and next climate conference #COP24 in Ka‚Ä¶ https://t.co/y86SfJmuR5
930762101798440960,2017-11-15 11:39:12,False,1,False,,Vice-Minister #Sa≈Çek: The main challenge is to achieve the #ParisAgreement goals while keeping the focus on human d‚Ä¶ https://t.co/wEYJBCeMgi
930761965311586304,2017-11-15 11:38:39,False,3,False,,Vice-Minister #Sa≈Çek: Our ambition is to achieve such results of #COP24 that will keep the world on the path of sus‚Ä¶ https://t.co/s9RtObie0D
930761760293912577,2017-11-15 11:37:51,False,2,False,,"Vice-Minister #Sa≈Çek: In 2018, Poland will be honored to take up the Presidency of #COP24 and for the third time ho‚Ä¶ https://t.co/XB3yW3mMfA"
930761622997602304,2017-11-15 11:37:18,False,1,False,,Vice-Minister #Sa≈Çek: Poland sets great store by the realization of the sustainable development on a global scale. #COP23
930761401618006016,2017-11-15 11:36:25,False,4,False,,Vice-Minister #Sa≈Çek: Poland considers Paris Agreement to be one of the most important treaties of our time. #COP23 https://t.co/xtpZgQpvHp
930749999129952257,2017-11-15 10:51:06,False,1,False,,Vice-Minister Pawe≈Ç #Sa≈Çek is taking part in the High-Level Meeting of Caring for Climate (C4C). #COP23 https://t.co/xh4f99q3pb
930743800783409152,2017-11-15 10:26:29,False,3,False,,Prof. Jan #Szyszko: As incoming #COP24 Presidency we count on good cooperation with Austria on all issues related t‚Ä¶ https://t.co/hPFRrx6G04
930742856662290433,2017-11-15 10:22:44,False,1,False,,"Austria will be holding the #EU Presidency in the second half of 2018, during #COP24 in Katowice. #COP23"
930742473843933184,2017-11-15 10:21:12,False,1,False,,Prof. Jan #Szyszko: For Poland as the incoming #COP24 Presidency it is particularly important to maintain a good co‚Ä¶ https://t.co/r81NSwZ3IZ
930741755426803712,2017-11-15 10:18:21,False,4,False,,"Meeting of prof. Jan #Szyszko with @BMRupprechter,The Federal Ministry of Agriculture, Forestry, Environment and Wa‚Ä¶ https://t.co/iVK4bBdAoL"
930720573960966144,2017-11-15 08:54:11,False,1,False,,Prof. #Szyszko: We believe that in order to reach the objectives of the Paris Agreement it is important to share kn‚Ä¶ https://t.co/x1tQNzXx8N
930720492880842752,2017-11-15 08:53:52,False,1,False,,Prof. #Szyszko: Poland looks forward to a close cooperation with Canada as the incoming G7 Presidency. #COP23
930720389378052096,2017-11-15 08:53:27,False,0,False,,Prof. #Szyszko: As incoming #COP24 Presidency we count on close cooperation on all issues related to the‚Ä¶ https://t.co/YZeOE0l0Jm
930720319505125376,2017-11-15 08:53:10,False,0,False,,Prof. #Szyszko: I would like to extend my thanks to the Canada for its hard work and constructive contribution to t‚Ä¶ https://t.co/WqwvSGZkfx
930719973261094912,2017-11-15 08:51:48,False,0,False,,Meeting of prof. Jan #Szyszko and the Minister of Environment and Climate Change of Canada Catherine McKenna (‚Ä¶ https://t.co/lsMMqUrkd5
930497367966650368,2017-11-14 18:07:14,False,0,False,,Counsellor to the Minister form the Ministry of Energy of the Republic of Poland at #COP23¬†about ‚ÄúClean Energy Hub‚Ä¶ https://t.co/MnOPDE4ohR
930494289238519808,2017-11-14 17:55:00,False,2,False,,The representative of the National Fund for Environmental Protection and Water Management about comprehensive suppo‚Ä¶ https://t.co/jTnRm19zs6
930492087371550720,2017-11-14 17:46:15,False,0,False,,Ambassador W. Ponikiewski from @MSZ_RP: ‚ÄûPoland‚Äôs green technologies as an instrument to implement UNFCCC objective‚Ä¶ https://t.co/PXaVJT2sgW
930491834895347712,2017-11-14 17:45:15,False,0,False,,Polish #COP23 side-event: Cost efficient green technologies for everyone! How can a non-Annex II country contribute‚Ä¶ https://t.co/fvMfpWI5sf
930370525771239426,2017-11-14 09:43:13,False,2,False,,T. Szczygielski from @PW_edu: We hope for a clear message: it is better to use than to trash the ash. #COP23 https://t.co/4VtursfIBV
930369887700160512,2017-11-14 09:40:41,False,0,False,,"T. Szczygielski from @PW_edu: Closing the gap is possible through building the circular economy, which is additiona‚Ä¶ https://t.co/SqfxSSATp3"
930369727888752645,2017-11-14 09:40:03,False,0,False,,T. Szczygielski from @PW_edu: Allocation of ashes to the multiple products could give up to 10% of emissions reduct‚Ä¶ https://t.co/VDRC5tYPo6
930369611010314241,2017-11-14 09:39:35,False,0,False,,This concept is presented by Tomasz Szczygielski from @PW_edu. #COP23
930369453912739840,2017-11-14 09:38:57,False,0,False,,Polish #COP23 side-event ‚ÄûEmission reduction through zero waste coal power as element of the Paris Agreement implem‚Ä¶ https://t.co/6oXRuocShn
930053354507694081,2017-11-13 12:42:53,False,2,False,,"Prof. Koby≈Çecki: Such approach meets the requirements of sustainable  development and circular economy, increases s‚Ä¶ https://t.co/A4fHF6Pqwn"
930052978542825473,2017-11-13 12:41:24,False,1,False,,Prof. Koby≈Çecki: By thermal treatment of biomass and the use of biomass volatiles for power production with simulta‚Ä¶ https://t.co/HGtqo4vsLM
930050925363912704,2017-11-13 12:33:14,False,2,False,,The concept is presenting by professor Rafa≈Ç Koby≈Çecki from Czestochowa University of Technology. #COP23 https://t.co/F0R6oVKtNj
930050145718358016,2017-11-13 12:30:08,False,1,False,,Vice Minister of the Environment Pawe≈Ç #Sa≈Çek is participating in polish side-event during #COP23: ‚ÄúBiochar for eff‚Ä¶ https://t.co/ISpnFNEFUc
929352533222547457,2017-11-11 14:18:05,False,0,False,,This session shares advances in ecosystem - based adaptation in ocean and coastal areas across the world. #GlobalClimateAction #COP23
929352455430819840,2017-11-11 14:17:46,False,0,False,,#GlobalClimateAction: Ecosystem based adaptation in coastal and marine areas with the participation of the Minister‚Ä¶ https://t.co/Tumzs2rVQ3
928963881862647808,2017-11-10 12:33:43,False,0,False,,K. Kujda: It is also worth to mention that the National Fund‚Äôs activities are related to promotion of circular econ‚Ä¶ https://t.co/Col88NrSn2
928963798530183169,2017-11-10 12:33:23,False,0,False,,K. Kujda @NFOSiGW: The National Fund supports the state ecological policy in many areas. Among supported projects a‚Ä¶ https://t.co/8pkZbvtz4A
928963730779631616,2017-11-10 12:33:07,False,0,False,,"K. Kujda @NFOSiGW:  Since 1989 when the Fund was established, it co-financed investments of the total value of near‚Ä¶ https://t.co/hdQi2zWjgO"
928963645123506177,2017-11-10 12:32:46,False,2,False,,K. Kujda @NFOSiGW: Just to show the scale of its activity: the National Fund allocates approximately 1.2-1.4 billio‚Ä¶ https://t.co/tEr2AqL7Me
928963572436172800,2017-11-10 12:32:29,False,0,False,,"Kazimierz Kujda, President of the Management Board of the National Fund for Environmental Protection and Water Mana‚Ä¶ https://t.co/ES6XYaNDBO"
928963439334215680,2017-11-10 12:31:57,False,0,False,,The role of the National Fund in the system of financing environmental protection and water management in Poland.‚Ä¶ https://t.co/akLo7FidJR
928958912619040768,2017-11-10 12:13:58,False,5,False,,"If you are at #COP23, let's visit our #COP24 stand! https://t.co/yxh3FJSNmq"
928618278427164672,2017-11-09 13:40:25,False,0,False,,"Young and Future Generations Day - Intergenerational Inquiry - Youth Uniting for Climate Action: Further, Faster, T‚Ä¶ https://t.co/YyifbZnEYY"
928602850858586113,2017-11-09 12:39:06,False,2,False,,M.J. Cichy and M. Wasilewski from The Polish Cleaner Production Movement Society are presenting activities and achi‚Ä¶ https://t.co/GfefgaKtdl
928601693239070720,2017-11-09 12:34:30,False,0,False,,"Polish side event during #COP23 ‚Äì ‚ÄúCleaner Production in Poland - for prevention of pollution, circular economy and‚Ä¶ https://t.co/O0ll6iNRDb"
928569540178595840,2017-11-09 10:26:45,False,1,False,,RT @umkatowice: Uczestnicy @COP23 odkrywajƒÖ gospodarza @COP24 / Participants of COP23 are discovering COP24 host #Katowice #UNFCCC https://‚Ä¶
928562021293068288,2017-11-09 09:56:52,False,2,False,,Prof. Jan #Szyszko for @NHKWORLD_News about #COP23 in Bonn and #COP24 in Katowice. https://t.co/vkcUrZEDMx
928293783292268544,2017-11-08 16:10:59,False,2,False,,Meeting of the Eastern European Group (EEG) with the Minister of the Environment Jan #Szyszko. #COP23 https://t.co/sBSuIJOZlW
928291399807664129,2017-11-08 16:01:31,False,4,False,,About the role of the forests in the Paris Agreement at the #COP23 summit. More information: https://t.co/mlQjyEyoqL https://t.co/DNXUx2RVZP
928218534139875329,2017-11-08 11:11:58,False,4,False,,"Prof. Szyszko: Thanks to the conception of forest carbon farms, we can achieve the climate neutrality called for by‚Ä¶ https://t.co/8Zq8P4SHu1"
928218414975520769,2017-11-08 11:11:30,False,0,False,,"Prof. #Szyszko: According to that project, planting specific species of trees or increasing the number of those alr‚Ä¶ https://t.co/BZvUj6PgAN"
928218374131343361,2017-11-08 11:11:20,False,2,False,,Prof. #Szyszko: Poland‚Äôs suggestion in relation to the implementation of the PA is to decrease the CO2 concentratio‚Ä¶ https://t.co/EodddXJ9j8
928214350439092225,2017-11-08 10:55:21,False,0,False,,Mr Marek Urbaniak and Ms Klaudia Ziemblinsla from Pozna≈Ñ University of Life Sciences are presenting their experimen‚Ä¶ https://t.co/FH1KgICUCw
928212747657072642,2017-11-08 10:48:59,False,0,False,,"The means to achieve that is discussed by Mr Tomasz Zawi≈Ça-Nied≈∫wiecki, General Deputy General of the State Forests‚Ä¶ https://t.co/knprC8BGpq"
928212616333479936,2017-11-08 10:48:27,False,0,False,,The Paris Agreement aims to achieve a balance between anthropogenic emission and removal of greenhouse gases. It re‚Ä¶ https://t.co/ygc481ja2f
928189764414640133,2017-11-08 09:17:39,False,0,False,,Prof. #Szyszko is taking part in #COP23 side event: ‚ÄûThe role of forests in the Paris Agreement: from global to loc‚Ä¶ https://t.co/ry3Zvq4ODh
928177680851357696,2017-11-08 08:29:38,False,0,False,,Prof. #Szyszko: We conducts active social dialogue with the trade unions. I am open to hear trade union's proposals‚Ä¶ https://t.co/LvqlOx4DK4
928177316009840640,2017-11-08 08:28:11,False,0,False,,.@ituc: We are waiting for cooperation with Poland during #COP24 in #Katowice. in 2018. #COP23 https://t.co/18Gwoov74t
928175025525592065,2017-11-08 08:19:05,False,0,False,,Prof. #Szyszko: Poland‚Äôs climate policy is a success story - Poland has fulfilled the obligations defined in the Kyoto Protocol. #COP23
928174973688131591,2017-11-08 08:18:53,False,2,False,,Prof. #Szyszko: This is not only reducing net emissions but also helps to regain biodiversity and enhance ecosystem‚Ä¶ https://t.co/PnGuBKVyDX
928174741491519488,2017-11-08 08:17:57,False,0,False,,Prof. #Szyszko: We put much effort into increased emission removals by forest ecosystems and soils. #COP23
928174648948330496,2017-11-08 08:17:35,False,0,False,,Prof. #Szyszko: Poland has its national circumstances to act for achieving the climate goals that we have set as a‚Ä¶ https://t.co/tRVu0xsGHp
928174536805306368,2017-11-08 08:17:08,False,0,False,,Prof. Jan #Szyszko is taking part in the meeting with the International Trade Union Confederation (@ituc). #COP23 https://t.co/NQahCVF4x7
927912910596313089,2017-11-07 14:57:32,False,0,False,,#Sa≈Çek at #COP23: I assure you that we will continue discussions started in Paris continued in Marrakesh and here under Fijian presidency.
927912815842746370,2017-11-07 14:57:09,False,0,False,,Vice-Minister #Sa≈Çek at #COP23: It is my pleasure to confirm again that Poland will hold the next COP presidency in‚Ä¶ https://t.co/WEo9mFf0mZ
927873599272357888,2017-11-07 12:21:19,False,0,False,,"High Level Dialogue ‚ÄúPacific voice and just transition, job creation and climate‚Äù #COP23 https://t.co/toEvoc8vOJ"
927863819187183616,2017-11-07 11:42:28,False,0,False,,"Vice-Minister P. #Sa≈Çek: Now, it is a modern city and next year the City of #Katowice will be proud to host COP24.‚Ä¶ https://t.co/lWOVGoUce9"
927863004129124353,2017-11-07 11:39:13,False,0,False,,Vice-Minister P. #Sa≈Çek: For centuries #Katowice had been a typically industrial city build around coal mines and heavy industry. #COP23
927862746674356227,2017-11-07 11:38:12,False,0,False,,Vice-Minister P. #Sa≈Çek: As an impressive proof of this successful transformation may serve the City of Katowice (‚Ä¶ https://t.co/DCtRavg9Z1
927862215604166657,2017-11-07 11:36:05,False,1,False,,#Sa≈Çek: The main challenge is to achieve the PA goals while keeping the focus on human dimension of the economic tr‚Ä¶ https://t.co/6eKZAkwgpj
927861243402227712,2017-11-07 11:32:13,False,0,False,,#Sa≈Çek: Its main objectives and values will lead us to climate neutral future we promised in Paris to current and future generations. #COP23
927861074308878336,2017-11-07 11:31:33,False,0,False,,Vice-Minister of Environment Pawe≈Ç #Sa≈Çek: Poland considers #ParisAgreement to be one of the most important treaties of our time. #COP23
927858280201940992,2017-11-07 11:20:27,False,0,False,,"High Level Dialogue ""Pacific voice and just transition, job creation and climate‚Äù with the participation of Vice-Mi‚Ä¶ https://t.co/2ootDjDHMc"
927853003960455168,2017-11-07 10:59:29,False,0,False,,UN climate summit in Bonn launched! #COP23 More information: https://t.co/erX6rhFGDw https://t.co/9NzifkVINL
927516483550437376,2017-11-06 12:42:16,False,1,False,,Meeting of the Minister of the Environment Jan #Szyszko with the President of #COP22 @Salahmezouar. #COP23 https://t.co/Bud1DFPMRs
927498460810694656,2017-11-06 11:30:39,False,3,False,,"#COP22 , #COP23 and #COP24 Presidents at Opening Plenary. https://t.co/GHlRpdQ0Zw"
927491140231802880,2017-11-06 11:01:34,False,144,False,,RT @COP23: #COP23 President @FijiPM reminds us that we are all in the same canoe when it comes to #ClimateChange at Opening Plenary @UNFCCC‚Ä¶
927478832315207680,2017-11-06 10:12:40,False,64,False,,RT @UNFCCC: #COP23 President Frank Bainimarama @FijiPM pleads for world to hold the #ClimateAction course set in 2015 with the #ParisAgreem‚Ä¶
927476795041107968,2017-11-06 10:04:34,False,2,False,,Prof. Jan #Szyszko and Vice-Minister Pawe≈Ç #Sa≈Çek are taking part in the opening plenary of #COP23 in Bonn. https://t.co/EQ9umXh8k6
927456972869455874,2017-11-06 08:45:48,False,338,False,,RT @COP23: The Opening Plenary of #COP23 is about to start. Watch live via @UNFCCC : https://t.co/AjOxj5DbBb https://t.co/B2FMm5k7jh
927432198713741312,2017-11-06 07:07:21,False,6,False,,RT @BiznesAlert: Rusza #SzczytKlimatyczny w #Bonn. Dla #Polska to grunt pod szczyt w #Katowice https://t.co/Bs7EKlvEdR #BA24 #COP23 #COP24‚Ä¶
927171071270375426,2017-11-05 13:49:44,False,890,False,,RT @UNFCCC: #COP23 opens Monday. We need to accelerate action on climate change: https://t.co/u3Rloo2164 @COP23 @UNBonn @BonnGlobal @bmub #‚Ä¶
926459568510599168,2017-11-03 14:42:28,False,0,False,,Ju≈º za 3 dni rozpocznie siƒô szczyt klimatyczny ONZ @COP23! Do zobaczenia w Bonn! https://t.co/yP63gEc8pJ
924926520900182016,2017-10-30 09:10:41,False,1,False,,Deputy Minister of Environment P. Sa≈Çek participated in a preparatory meeting to the  @COP23 Pre-COP23 in Fiji‚Ä¶ https://t.co/E6XaasoyLk
923505398103101440,2017-10-26 11:03:39,False,0,False,,Na Fid≈ºi wiceminister Sa≈Çek uczestniczy≈Ç w spotkaniu przygotowawcz. do szczytu klimatycznego ONZ @COP23 (pre-COP23)‚Ä¶ https://t.co/al1kldbfpC
916211802412810245,2017-10-06 08:01:30,False,2,False,,RT @RadioMaryja: Wyzwanie przed polskƒÖ dyplomacjƒÖ ‚Äì przyjƒôcie pakietu implementacyjnego https://t.co/M6vQa2mRPQ
915212626497605632,2017-10-03 13:51:08,False,3,False,,"Prof. Jan #Szyszko accompanied President of the RP, Andrzej Duda during the 72nd Session of the UN General Assembly‚Ä¶ https://t.co/Utr4a1oZkO"
915212618222186498,2017-10-03 13:51:06,False,2,False,,Prof. Jan #Szyszko towarzyszy≈Ç Prezydentowi @AndrzejDuda podczas 72. Sesji Zgromadzenia Og√≥lnego #ONZ‚Ä¶ https://t.co/QaTSWbzzgw
910409154866577409,2017-09-20 07:43:51,False,0,False,,"19-21.09.17 prezydent @AndrzejDuda przebywa z wizytƒÖ w Nowym Jorku. Prezydentowi towarzyszy prof. Jan #Szyszko
https://t.co/b99Wfvx6wh"
907555084006981632,2017-09-12 10:42:48,False,0,False,,"The technical mission of the @UNFCCC on the org. of the UN climate summit in #Katowice has completed. #COP24
More:‚Ä¶ https://t.co/Eg4aW8Qtyx"
907539832934715392,2017-09-12 09:42:12,False,0,False,,Zako≈Ñczy≈Ça siƒô druga misja techniczna @UNFCCC ws. organizacji w #Katowice szczytu klimatycznego ONZ #COP24.‚Ä¶ https://t.co/YJrhjZj0hW
905071676584587266,2017-09-05 14:14:37,False,0,False,,The second technical mission of the @UNFCCC secretariat regarding the organisation in Poland #COP24 @umkatowice‚Ä¶ https://t.co/loZXxiW1Q2
904999437759635456,2017-09-05 09:27:34,False,2,False,,Trwa druga misja techniczna sekretariatu @UNFCCC ws. organizacji w Polsce szczytu klimatycznego #COP24 @umkatowice.‚Ä¶ https://t.co/A1LyAmhuH8
894549217414393857,2017-08-07 13:22:08,False,1,False,,Wiceminister ≈õrodowiska Pawe≈Ç #Sa≈Çek w #ONZ o przygotowaniach do @COP24. Wiƒôcej informacji ‚û° https://t.co/jEidsZTlJ5 https://t.co/r3zrXJbFLC
872004661817077760,2017-06-06 08:18:07,False,0,False,,#Katowice gospodarzem szczytu klimatycznego ONZ #COP24 w Polsce. https://t.co/oMbkpxeTxV https://t.co/ciu7EGWYi5
872003569767067648,2017-06-06 08:13:46,False,0,False,,8-18.05.2017 r. w Bonn odby≈Ça siƒô sesja negocjacyjna Konwencji Klimatycznej z udzia≈Çem wiceministra P. #Sa≈Çek. https://t.co/NJ7qh8u1my
864430846538903552,2017-05-16 10:42:28,False,2,False,,RT @MinSrodowiska: Podsumowanie pierwszego tygodnia rozm√≥w klimatycznych przygotowujƒÖcych do @COP23 z udzia≈Çem wiceministra P. #Sa≈Çek. http‚Ä¶
860469893753425924,2017-05-05 12:23:04,False,1,False,,RT @MinSrodowiska: Miasto-gospodarza przysz≈Çorocznego szczytu klimatycznego @COP24Poland poznamy na prze≈Çomie wiosny i lata. https://t.co/G‚Ä¶
854308574729826304,2017-04-18 12:20:11,False,0,False,,Spotkanie prof. #Szyszko z przedstawicielami misji technicznej sekretariatu @UNFCCC ws. organizacji #COP24 w Polsce‚Ä¶ https://t.co/OSzFgAZvPI
854307727614640129,2017-04-18 12:16:49,False,0,False,,4 kwietnia 2017 r. delegaci misji technicznej sekretariatu @UNFCCC ws. organizacji w Polsce #COP24 odwiedzili Gda≈Ñs‚Ä¶ https://t.co/0SP2ojHJBP
854307324223160320,2017-04-18 12:15:13,False,0,False,,"Przedstawiciele @UNFCCC oceniali, czy Katowice sprawdzƒÖ siƒô jako gospodarz szczytu klimatycznego #COP24 w 2018 roku‚Ä¶ https://t.co/xbsGnXKFDQ"
840162897712021505,2017-03-10 11:30:18,False,0,False,,Rozmowy z miastem Gda≈Ñsk dotyczƒÖce #COP24 https://t.co/YK2VrJmt62
840162693491380225,2017-03-10 11:29:30,False,1,False,,RT @MinSrodowiska: Spotkanie w Katowicach ws. #COP24. https://t.co/pU2kgzSxOX
831091447923343360,2017-02-13 10:43:36,False,0,False,,"Prof. Szyszko: Miasta zabiegajƒÖ o organizacjƒô szczytu klimatycznego #COP24, kandydatura #≈ölƒÖsk.a - interesujƒÖca. https://t.co/MFIbrNzs6H"
828606950250315777,2017-02-06 14:11:06,False,0,False,,Spotkanie wiceministra Paw≈Ça Sa≈Çka z ambasadorem Fid≈ºi przy UE dot. organizacji #COP23. https://t.co/vlRfrkiMR9 https://t.co/NKnTp0Kkcg
810828244815675392,2016-12-19 12:44:52,False,0,False,,Another Polish cities - the Tricity and Katowice - declare their willingness to organize the #COP24.
808972938087108608,2016-12-14 09:52:33,False,0,False,,Kolejne miasta kandydujƒÖ do roli gospodarza #COP24. Propozycje organizacji szczytu zg≈Çosi≈Çy #Tr√≥jmiasto i #Katowice. https://t.co/XtBXwQJMW1
806078609731518464,2016-12-06 10:11:31,False,3,False,,"Polska bƒôdzie gospodarzem #COP24 w 2018 r. https://t.co/Ajq6gDojwh 
Poland will host climate summit in 2018‚Ä¶ https://t.co/67SGJm9kl5"
